ax_0_0_plot_000_x,ax_0_0_plot_000_y,ax_0_0_plot_001_x,ax_0_0_plot_001_y,ax_1_0_plot_002_x,ax_1_0_plot_002_y,ax_1_0_plot_003_x,ax_1_0_plot_003_y,ax_1_0_plot_004_x,ax_1_0_plot_004_y,ax_2_0_plot_005_x,ax_2_0_plot_005_y,ax_2_0_plot_006_x,ax_2_0_plot_006_y
0.0,1.0,0.0,1.0,0.0,1.0434185,0.0,1.0434185,0.0,1.0,0.0,-0.28949478,0.0,-0.28949487
0.0025,0.9729577,0.0025,1.0235533,0.0025,0.98109937,0.0025,0.9810996,0.0025,1.0235533,0.0025,0.12891953,0.0025,0.12891968
0.005,0.8431912,0.005,1.0470542,0.005,0.9963424,0.005,0.9963423,0.005,1.0470542,0.005,0.5618206,0.005,0.56182057
0.0075,0.61685866,0.0075,1.0704507,0.0075,0.9988622,0.0075,0.99886215,0.0075,1.0704507,0.0075,0.90515786,0.0075,0.90515786
0.01,0.31165686,0.01,1.0936906,0.01,1.0528327,0.01,1.0528327,0.01,1.0936906,0.01,1.2702758,0.01,1.2702757
0.0125,-0.043952152,0.0125,1.1167227,0.0125,1.065319,0.0125,1.065319,0.0125,1.1167227,0.0125,1.6120653,0.0125,1.6120653
0.015,-0.4129617,0.015,1.1394956,0.015,1.1177174,0.015,1.1177175,0.015,1.1394956,0.015,1.9492338,0.015,1.9492335
0.0175,-0.7534137,0.0175,1.1619587,0.0175,1.1368688,0.0175,1.136869,0.0175,1.1619587,0.0175,2.2952273,0.0175,2.295227
0.02,-1.0230893,0.02,1.1840622,0.02,1.1772081,0.02,1.177208,0.02,1.1840622,0.02,2.624138,0.02,2.624138
0.0225,-1.1848247,0.0225,1.2057571,0.0225,1.2016929,0.0225,1.2016928,0.0225,1.2057571,0.0225,2.973843,0.0225,2.9738429
0.025,-1.2118132,0.025,1.2269952,0.025,1.2283255,0.025,1.2283257,0.025,1.2269952,0.025,-2.9774377,0.025,-2.977438
0.0275,-1.0921607,0.0275,1.2477293,0.0275,1.2559544,0.0275,1.2559549,0.0275,1.2477293,0.0275,-2.62516,0.0275,-2.6251597
0.03,-0.8319516,0.03,1.2679133,0.03,1.2717158,0.03,1.2717158,0.03,1.2679133,0.03,-2.2839158,0.03,-2.2839158
0.0325,-0.45619014,0.0325,1.2875026,0.0325,1.299441,0.0325,1.2994407,0.0325,1.2875026,0.0325,-1.9295062,0.0325,-1.9295062
0.035,-0.0072005684,0.035,1.3064536,0.035,1.3094026,0.035,1.3094023,0.035,1.3064536,0.035,-1.5762955,0.035,-1.5762955
0.0375,0.45961028,0.0375,1.3247241,0.0375,1.3340681,0.0375,1.3340681,0.0375,1.3247241,0.0375,-1.2190711,0.0375,-1.2190711
0.04,0.88233757,0.04,1.3422736,0.04,1.3434592,0.04,1.3434595,0.04,1.3422736,0.04,-0.854275,0.04,-0.85427505
0.0425,1.2008178,0.0425,1.3590631,0.0425,1.362808,0.0425,1.3628079,0.0425,1.3590631,0.0425,-0.49253932,0.0425,-0.4925393
0.045,1.3654765,0.045,1.3750556,0.045,1.3751309,0.045,1.3751309,0.045,1.3750556,0.045,-0.11856617,0.045,-0.11856612
0.0475,1.3454986,0.0475,1.3902152,0.0475,1.3885981,0.0475,1.3885981,0.0475,1.3902152,0.0475,0.24980053,0.0475,0.24980053
0.05,1.1349698,0.05,1.4045085,0.05,1.4045135,0.05,1.4045137,0.05,1.4045085,0.05,0.62989825,0.05,0.62989813
0.0525,0.7557877,0.0525,1.4179037,0.0525,1.4133642,0.0525,1.4133643,0.0525,1.4179037,0.0525,1.0065918,0.0525,1.0065919
0.055,0.25651065,0.055,1.430371,0.055,1.430827,0.055,1.430827,0.055,1.430371,0.055,1.3905475,0.055,1.3905474
0.0575,-0.2931181,0.0575,1.4418828,0.0575,1.43747,0.0575,1.4374702,0.0575,1.4418828,0.0575,1.776149,0.0575,1.7761489
0.06,-0.81154716,0.06,1.4524136,0.06,1.4530654,0.06,1.4530653,0.06,1.4524136,0.06,2.163381,0.06,2.163381
0.0625,-1.2175533,0.0625,1.4619398,0.0625,1.4598237,0.0625,1.4598237,0.0625,1.4619398,0.0625,2.5571892,0.0625,2.5571892
0.065,-1.4433874,0.065,1.4704404,0.065,1.4706343,0.065,1.4706346,0.065,1.4704404,0.065,2.9487977,0.065,2.9487977
0.0675,-1.4467994,0.0675,1.4778965,0.0675,1.4785708,0.0675,1.478571,0.0675,1.4778965,0.0675,-2.9339137,0.0675,-2.9339137
0.07,-1.2197579,0.07,1.4842916,0.07,1.4836208,0.07,1.4836209,0.07,1.4842916,0.07,-2.5359726,0.07,-2.5359726
0.0725,-0.79202443,0.0725,1.4896114,0.0725,1.4920238,0.0725,1.492024,0.0725,1.4896114,0.0725,-2.1303864,0.0725,-2.1303866
0.075,-0.2284595,0.075,1.4938442,0.075,1.4925677,0.075,1.4925678,0.075,1.4938442,0.075,-1.7244653,0.075,-1.7244651
0.0775,0.3800417,0.0775,1.4969804,0.0775,1.499386,0.0775,1.4993858,0.0775,1.4969804,0.0775,-1.3145359,0.0775,-1.3145359
0.08,0.9309238,0.08,1.4990133,0.08,1.4979398,0.08,1.49794,0.08,1.4990133,0.08,-0.9001794,0.08,-0.9001794
0.0825,1.3274956,0.0825,1.4999384,0.0825,1.5009578,0.0825,1.5009581,0.0825,1.4999384,0.0825,-0.48552057,0.0825,-0.48552042
0.085,1.4966285,0.085,1.4997532,0.085,1.4996624,0.085,1.4996624,0.085,1.4997532,0.085,-0.063618295,0.085,-0.06361811
0.0875,1.4033234,0.0875,1.4984586,0.0875,1.4977808,0.0875,1.4977804,0.0875,1.4984586,0.0875,0.35704058,0.0875,0.35704064
0.09,1.059121,0.09,1.4960574,0.09,1.4970839,0.09,1.4970841,0.09,1.4960574,0.09,0.7849042,0.09,0.7849042
0.0925,0.522245,0.0925,1.4925547,0.0925,1.4909385,0.0925,1.4909387,0.0925,1.4925547,0.0925,1.212927,0.0925,1.2129271
0.095,-0.111195266,0.095,1.4879584,0.095,1.4894242,0.095,1.4894238,0.095,1.4879584,0.095,1.6455222,0.095,1.6455224
0.0975,-0.72389096,0.0975,1.4822787,0.0975,1.4809308,0.0975,1.4809307,0.0975,1.4822787,0.0975,2.0815194,0.0975,2.0815191
0.1,-1.1991668,0.1,1.4755282,0.1,1.4763882,0.1,1.4763881,0.1,1.4755282,0.1,2.5187612,0.1,2.5187614
0.1025,-1.4439284,0.1025,1.467722,0.1025,1.4674733,0.1025,1.4674733,0.1025,1.467722,0.1025,2.9622178,0.1025,2.9622178
0.105,-1.4081213,0.105,1.4588773,0.105,1.4584934,0.105,1.4584932,0.105,1.4588773,0.105,-2.8780112,0.105,-2.8780112
0.1075,-1.0964489,0.1075,1.4490138,0.1075,1.4498361,0.1075,1.4498361,0.1075,1.4490138,0.1075,-2.42837,0.1075,-2.42837
0.11,-0.5693924,0.11,1.4381534,0.11,1.4368125,0.11,1.4368119,0.11,1.4381534,0.11,-1.9782673,0.11,-1.9782674
0.1125,0.067357145,0.1125,1.4263201,0.1125,1.4274602,0.1125,1.4274601,0.1125,1.4263201,0.1125,-1.5235921,0.1125,-1.5235922
0.115,0.68351257,0.115,1.4135402,0.115,1.4122753,0.115,1.4122756,0.115,1.4135402,0.115,-1.0655996,0.115,-1.0655994
0.1175,1.150987,0.1175,1.3998424,0.1175,1.4004344,0.1175,1.4004343,0.1175,1.3998424,0.1175,-0.60609555,0.1175,-0.60609555
0.12,1.3713676,0.12,1.3852566,0.12,1.3850558,0.12,1.3850558,0.12,1.3852566,0.12,-0.1407068,0.12,-0.14070696
0.1225,1.2980269,0.1225,1.3698156,0.1225,1.369512,0.1225,1.369512,0.1225,1.3698156,0.1225,0.32452384,0.1225,0.32452384
0.125,0.94764066,0.125,1.3535534,0.125,1.3545558,0.125,1.3545558,0.125,1.3535534,0.125,0.79596573,0.125,0.7959658
0.1275,0.39796245,0.1275,1.3365062,0.1275,1.3356721,0.1275,1.3356723,0.1275,1.3365062,0.1275,1.2682526,0.1275,1.2682527
0.13,-0.22831021,0.13,1.318712,0.13,1.3200707,0.13,1.3200705,0.13,1.318712,0.13,1.7446234,0.13,1.7446234
0.1325,-0.79050213,0.1325,1.3002101,0.1325,1.2995713,0.1325,1.2995714,0.1325,1.3002101,0.1325,2.224687,0.1325,2.224687
0.135,-1.16194,0.135,1.2810417,0.135,1.281612,0.135,1.2816119,0.135,1.2810417,0.135,2.7060087,0.135,2.7060087
0.1375,-1.2595979,0.1375,1.2612493,0.1375,1.2612875,0.1375,1.2612876,0.1375,1.2612493,0.1375,-3.0898252,0.1375,-3.0898252
0.14,-1.0642257,0.14,1.2408768,0.14,1.2401956,0.14,1.2401958,0.14,1.2408768,0.14,-2.602376,0.14,-2.602376
0.1425,-0.6257215,0.1425,1.2199696,0.1425,1.220561,0.1425,1.2205609,0.1425,1.2199696,0.1425,-2.1090655,0.1425,-2.1090655
0.145,-0.051888216,0.145,1.198574,0.145,1.1972777,0.145,1.1972772,0.145,1.198574,0.145,-1.6141485,0.145,-1.6141484
0.1475,0.5172352,0.1475,1.1767374,0.1475,1.1773123,0.1475,1.1773123,0.1475,1.1767374,0.1475,-1.1159374,0.1475,-1.1159375
0.15,0.94354045,0.15,1.1545085,0.15,1.1537778,0.15,1.1537776,0.15,1.1545085,0.15,-0.61324704,0.15,-0.613247
0.1525,1.1251642,0.1525,1.1319366,0.1525,1.1320019,0.1525,1.1320018,0.1525,1.1319366,0.1525,-0.10996744,0.1525,-0.109967485
0.155,1.022209,0.155,1.1090716,0.155,1.1095532,0.155,1.109553,0.155,1.1090716,0.155,0.3994377,0.155,0.39943758
0.1575,0.6670132,0.1575,1.0859646,0.1575,1.0855254,0.1575,1.085525,0.1575,1.0859646,0.1575,0.90909314,0.1575,0.909093
0.16,0.15589972,0.16,1.0626667,0.16,1.0638646,0.16,1.0638646,0.16,1.0626667,0.16,1.4237258,0.16,1.4237257
0.1625,-0.3758618,0.1625,1.0392295,0.1625,1.0387436,0.1625,1.0387435,0.1625,1.0392295,0.1625,1.9410402,0.1625,1.9410402
0.165,-0.78960294,0.165,1.0157053,0.165,1.0164495,0.165,1.0164495,0.165,1.0157053,0.165,2.460404,0.165,2.460404
0.1675,-0.9799924,0.1675,0.9921463,0.1675,0.99206984,0.1675,0.99207,0.1675,0.9921463,0.1675,2.985394,0.1675,2.985394
0.17,-0.90303487,0.17,0.96860474,0.17,0.9681882,0.17,0.96818835,0.17,0.96860474,0.17,-2.7726407,0.17,-2.7726407
0.1725,-0.5875336,0.1725,0.94513285,0.1725,0.94549346,0.1725,0.9454936,0.1725,0.94513285,0.1725,-2.24133,0.1725,-2.2413297
0.175,-0.12661014,0.175,0.9217828,0.175,0.92066914,0.175,0.92066944,0.175,0.9217828,0.175,-1.7087531,0.175,-1.7087531
0.1775,0.3486153,0.1775,0.89860636,0.1775,0.89900637,0.1775,0.8990065,0.1775,0.89860636,0.1775,-1.1725761,0.1775,-1.1725761
0.18,0.7059804,0.18,0.87565506,0.18,0.87500733,0.18,0.8750073,0.18,0.87565506,0.18,-0.63203317,0.18,-0.6320332
0.1825,0.8494855,0.1825,0.85297984,0.1825,0.853017,0.1825,0.85301703,0.1825,0.85297984,0.1825,-0.09102588,0.1825,-0.09102597
0.185,0.74608773,0.185,0.830631,0.185,0.8311007,0.185,0.8311006,0.185,0.830631,0.185,0.45625117,0.185,0.4562514
0.1875,0.434268,0.1875,0.8086583,0.1875,0.8083308,0.1875,0.8083308,0.1875,0.8086583,0.1875,1.0036346,0.1875,1.0036342
0.19,0.011774704,0.19,0.7871103,0.19,0.7881496,0.19,0.78814954,0.19,0.7871103,0.19,1.5558561,0.19,1.5558562
0.1925,-0.3939339,0.1925,0.7660351,0.1925,0.76571906,0.1925,0.7657189,0.1925,0.7660351,0.1925,2.111177,0.1925,2.111177
0.195,-0.66382676,0.195,0.7454793,0.195,0.74594057,0.195,0.74594045,0.195,0.7454793,0.195,2.667965,0.195,2.6679647
0.1975,-0.722619,0.1975,0.7254886,0.1975,0.7255197,0.1975,0.7255199,0.1975,0.7254886,0.1975,-3.052139,0.1975,-3.0521393
0.2,-0.5606154,0.2,0.7061074,0.2,0.7055092,0.2,0.70550907,0.2,0.7061074,0.2,-2.4891863,0.2,-2.4891863
0.2025,-0.23543637,0.2025,0.68737864,0.2025,0.6876922,0.2025,0.6876924,0.2025,0.68737864,0.2025,-1.9202209,0.2025,-1.920221
0.205,0.14688711,0.205,0.66934407,0.205,0.6684095,0.205,0.66840965,0.205,0.66934407,0.205,-1.349232,0.205,-1.3492317
0.2075,0.4655799,0.2075,0.6520436,0.2075,0.6522669,0.2075,0.65226674,0.2075,0.6520436,0.2075,-0.77590513,0.2075,-0.7759047
0.21,0.6230469,0.21,0.6355157,0.21,0.63533306,0.21,0.6353327,0.21,0.6355157,0.21,-0.19697905,0.21,-0.19697909
0.2125,0.57515204,0.2125,0.619797,0.2125,0.6196836,0.2125,0.61968356,0.2125,0.619797,0.2125,0.38141674,0.2125,0.38141665
0.215,0.34429818,0.215,0.6049225,0.215,0.60566723,0.215,0.60566723,0.215,0.6049225,0.215,0.96616197,0.215,0.96616226
0.2175,0.011165928,0.2175,0.59092516,0.2175,0.5906334,0.2175,0.59063333,0.2175,0.59092516,0.2175,1.5518903,0.2175,1.5518903
0.22,-0.31222776,0.22,0.57783604,0.22,0.57857645,0.22,0.57857645,0.22,0.57783604,0.22,2.1408157,0.22,2.1408157
0.2225,-0.5194596,0.2225,0.56568426,0.2225,0.5655734,0.2225,0.56557333,0.2225,0.56568426,0.2225,2.734979,0.2225,2.734979
0.225,-0.54462594,0.225,0.55449677,0.225,0.5543368,0.225,0.5543369,0.225,0.55449677,0.225,-2.9541385,0.225,-2.9541385
0.2275,-0.38381496,0.2275,0.54429835,0.2275,0.54448944,0.2275,0.54448926,0.2275,0.54429835,0.2275,-2.35309,0.2275,-2.35309
0.23,-0.09596242,0.23,0.5351118,0.23,0.5342957,0.23,0.53429556,0.23,0.5351118,0.23,-1.7513818,0.23,-1.7513815
0.2325,0.21736088,0.2325,0.52695733,0.2325,0.52719355,0.2325,0.52719325,0.2325,0.52695733,0.2325,-1.1458211,0.2325,-1.1458215
0.235,0.44668663,0.235,0.5198532,0.235,0.5194417,0.235,0.5194417,0.235,0.5198532,0.235,-0.53565216,0.235,-0.5356524
0.2375,0.51237833,0.2375,0.51381505,0.2375,0.51379645,0.2375,0.51379645,0.2375,0.51381505,0.2375,0.074314244,0.2375,0.0743142
0.24,0.3925399,0.24,0.50885636,0.24,0.5093537,0.24,0.5093538,0.24,0.50885636,0.24,0.6909162,0.24,0.6909165
0.2425,0.13127656,0.2425,0.5049882,0.2425,0.50475454,0.2425,0.50475466,0.2425,0.5049882,0.2425,1.3076913,0.2425,1.3076917
0.245,-0.17609684,0.245,0.502219,0.245,0.5029283,0.245,0.5029285,0.245,0.502219,0.245,1.9285201,0.245,1.9285201
0.2475,-0.41644248,0.2475,0.50055504,0.2475,0.5004251,0.2475,0.5004253,0.2475,0.50055504,0.2475,2.553819,0.2475,2.5538192
0.25,-0.49961257,0.25,0.5,0.25,0.49997154,0.25,0.49997175,0.25,0.5,0.25,-3.1036913,0.25,-3.1036913
0.2525,-0.39233068,0.2525,0.50055504,0.2525,0.50069594,0.2525,0.500696,0.2525,0.50055504,0.2525,-2.4711883,0.2525,-2.4711883
0.255,-0.13246486,0.255,0.502219,0.255,0.5015331,0.255,0.5015332,0.255,0.502219,0.255,-1.8380873,0.255,-1.8380874
0.2575,0.18264085,0.2575,0.5049882,0.2575,0.5051936,0.2575,0.50519365,0.2575,0.5049882,0.2575,-1.2008915,0.2575,-1.200892
0.26,0.43096754,0.26,0.50885636,0.26,0.50849056,0.26,0.5084906,0.26,0.50885636,0.26,-0.5594583,0.26,-0.55945855
0.2625,0.5120601,0.2625,0.51381505,0.2625,0.51379734,0.2625,0.51379746,0.2625,0.51381505,0.2625,0.08225764,0.2625,0.08225766
0.265,0.3876926,0.265,0.5198532,0.265,0.5202971,0.265,0.52029705,0.265,0.5198532,0.265,0.7300562,0.265,0.730056
0.2675,0.100616075,0.2675,0.52695733,0.2675,0.5267523,0.2675,0.52675235,0.2675,0.52695733,0.2675,1.3786032,0.2675,1.3786027
0.27,-0.23785403,0.27,0.5351118,0.27,0.53568864,0.27,0.53568864,0.27,0.5351118,0.27,2.0308714,0.27,2.0308712
0.2725,-0.4890868,0.2725,0.54429835,0.2725,0.544209,0.2725,0.54420906,0.2725,0.54429835,0.2725,2.6876183,0.2725,2.6876185
0.275,-0.54291826,0.275,0.55449677,0.275,0.5543707,0.275,0.55437076,0.275,0.55449677,0.275,-2.9379764,0.275,-2.9379766
0.2775,-0.36611086,0.2775,0.56568426,0.2775,0.5658362,0.2775,0.5658361,0.2775,0.56568426,0.2775,-2.2744746,0.2775,-2.2744744
0.28,-0.02228794,0.28,0.57783604,0.28,0.57723564,0.28,0.5772356,0.28,0.57783604,0.28,-1.6094176,0.28,-1.6094176
0.2825,0.3480895,0.2825,0.59092516,0.2825,0.59108263,0.2825,0.5910829,0.2825,0.59092516,0.2825,-0.9410972,0.2825,-0.94109714
0.285,0.5831228,0.285,0.6049225,0.285,0.60476863,0.285,0.6047687,0.285,0.6049225,0.285,-0.2683556,0.285,-0.26835507
0.2875,0.56953627,0.2875,0.619797,0.2875,0.6197218,0.2875,0.61972165,0.2875,0.619797,0.2875,0.40521106,0.2875,0.40521097
0.29,0.29761994,0.29,0.6355157,0.29,0.6360094,0.29,0.6360096,0.29,0.6355157,0.29,1.0838281,0.29,1.083828
0.2925,-0.12550753,0.2925,0.6520436,0.2925,0.6518597,0.2925,0.65186,0.2925,0.6520436,0.2925,1.7645439,0.2925,1.7645441
0.295,-0.5149986,0.295,0.66934407,0.295,0.66968787,0.295,0.66968805,0.295,0.66934407,0.295,2.4480917,0.295,2.448092
0.2975,-0.6873682,0.2975,0.68737864,0.2975,0.6873777,0.2975,0.68737763,0.2975,0.68737864,0.2975,3.1363482,0.2975,3.1363487
0.3,-0.54681903,0.3,0.7061074,0.3,0.7057799,0.3,0.7057799,0.3,0.7061074,0.3,-2.4571521,0.3,-2.457152
0.3025,-0.1385232,0.3025,0.7254886,0.3025,0.7256662,0.3025,0.72566617,0.3025,0.7254886,0.3025,-1.7628659,0.3025,-1.7628661
0.305,0.36047396,0.305,0.7454793,0.305,0.74504364,0.305,0.7450439,0.305,0.7454793,0.305,-1.0657715,0.305,-1.0657712
0.3075,0.71526337,0.3075,0.7660351,0.3075,0.76609904,0.3075,0.7660992,0.3075,0.7660351,0.3075,-0.36634278,0.3075,-0.36634278
0.31,0.74283797,0.31,0.7871103,0.31,0.78726864,0.31,0.78726864,0.31,0.7871103,0.31,0.33756602,0.31,0.3375655
0.3125,0.40708303,0.3125,0.8086583,0.3125,0.80850637,0.3125,0.80850637,0.3125,0.8086583,0.3125,1.0431515,0.3125,1.0431511
0.315,-0.15024498,0.315,0.830631,0.315,0.8310816,0.315,0.8310816,0.315,0.830631,0.315,1.7525781,0.315,1.7525783
0.3175,-0.6652082,0.3175,0.85297984,0.3175,0.8528712,0.3175,0.85287106,0.3175,0.85297984,0.3175,2.4654036,0.3175,2.4654033
0.32,-0.8749766,0.32,0.87565506,0.32,0.87563795,0.32,0.87563795,0.32,0.87565506,0.32,-3.1027248,0.32,-3.102725
0.3225,-0.65243447,0.3225,0.89860636,0.3225,0.89872426,0.3225,0.8987243,0.3225,0.89860636,0.3225,-2.38322,0.3225,-2.38322
0.325,-0.08335081,0.325,0.9217828,0.325,0.92136514,0.325,0.921365,0.325,0.9217828,0.325,-1.6613846,0.325,-1.6613847
0.3275,0.56034046,0.3275,0.94513285,0.3275,0.9452696,0.3275,0.94526964,0.3275,0.94513285,0.3275,-0.9362853,0.3275,-0.9362857
0.33,0.9477544,0.33,0.96860474,0.33,0.9685223,0.33,0.9685224,0.33,0.96860474,0.33,-0.2074603,0.33,-0.20746039
0.3325,0.85922396,0.3325,0.9921463,0.3325,0.99206233,0.3325,0.99206233,0.3325,0.9921463,0.3325,0.52345186,0.3325,0.5234519
0.335,0.31234866,0.335,1.0157053,0.335,1.0160682,0.335,1.0160685,0.335,1.0157053,0.335,1.2583272,0.335,1.2583272
0.3375,-0.42866442,0.3375,1.0392295,0.3375,1.0390775,0.3375,1.0390776,0.3375,1.0392295,0.3375,1.9960406,0.3375,1.9960405
0.34,-0.9768223,0.34,1.0626667,0.34,1.0628093,0.34,1.0628095,0.34,1.0626667,0.34,2.7365727,0.34,2.736573
0.3425,-1.0240315,0.3425,1.0859646,0.3425,1.0860198,0.3425,1.0860198,0.3425,1.0859646,0.3425,-2.8020937,0.3425,-2.8020935
0.345,-0.51630324,0.345,1.1090716,0.345,1.1087673,0.345,1.1087672,0.345,1.1090716,0.345,-2.055171,0.345,-2.055171
0.3475,0.29769883,0.3475,1.1319366,0.3475,1.1320957,0.3475,1.1320956,0.3475,1.1319366,0.3475,-1.3047045,0.3475,-1.3047044
0.35,0.9835482,0.35,1.1545085,0.35,1.1543381,0.35,1.1543381,0.35,1.1545085,0.35,-0.55091625,0.35,-0.55091614
0.3525,1.1519772,0.3525,1.1767374,0.3525,1.176704,0.3525,1.1767039,0.3525,1.1767374,0.3525,0.20536627,0.3525,0.20536636
0.355,0.68218136,0.355,1.198574,0.355,1.1988266,0.355,1.1988268,0.355,1.198574,0.355,0.96545744,0.355,0.9654572
0.3575,-0.19131964,0.3575,1.2199696,0.3575,1.2198081,0.3575,1.2198085,0.3575,1.2199696,0.3575,1.7282907,0.3575,1.7282907
0.36,-0.9899293,0.36,1.2408768,0.36,1.2410512,0.36,1.2410513,0.36,1.2408768,0.36,2.4941914,0.36,2.4941914
0.3625,-1.2518682,0.3625,1.2612493,0.3625,1.261269,0.3625,1.2612692,0.3625,1.2612493,0.3625,-3.0194228,0.3625,-3.0194228
0.365,-0.8018668,0.365,1.2810417,0.365,1.2808303,0.365,1.2808303,0.365,1.2810417,0.365,-2.2472768,0.365,-2.2472768
0.3675,0.12878,0.3675,1.3002101,0.3675,1.3003713,0.3675,1.3003719,0.3675,1.3002101,0.3675,-1.4716004,0.3675,-1.4716005
0.37,1.0146275,0.37,1.318712,0.37,1.3185501,0.37,1.3185505,0.37,1.318712,0.37,-0.6927351,0.37,-0.692735
0.3725,1.3312198,0.3725,1.3365062,0.3725,1.3364916,0.3725,1.3364918,0.3725,1.3365062,0.3725,0.088851444,0.3725,0.08885158
0.375,0.8686859,0.375,1.3535534,0.375,1.3537338,0.375,1.3537338,0.375,1.3535534,0.375,0.8740882,0.375,0.87408847
0.3775,-0.12493758,0.3775,1.3698156,0.3775,1.3696542,0.3775,1.3696543,0.3775,1.3698156,0.3775,1.6621417,0.3775,1.6621417
0.38,-1.0699958,0.38,1.3852566,0.38,1.3853948,0.38,1.3853946,0.38,1.3852566,0.38,2.453313,0.38,2.4533129
0.3825,-1.3919417,0.3825,1.3998424,0.3825,1.3998594,0.3825,1.3998594,0.3825,1.3998424,0.3825,-3.0351832,0.3825,-3.035183
0.385,-0.87434924,0.385,1.4135402,0.385,1.4133834,0.385,1.413383,0.385,1.4135402,0.385,-2.2377832,0.385,-2.2377834
0.3875,0.19034667,0.3875,1.4263201,0.3875,1.4264809,0.3875,1.4264809,0.3875,1.4263201,0.3875,-1.4369591,0.3875,-1.4369591
0.39,1.159484,0.39,1.4381534,0.39,1.4380455,0.39,1.4380453,0.39,1.4381534,0.39,-0.63294053,0.39,-0.63294065
0.3925,1.4271319,0.3925,1.4490138,0.3925,1.4489856,0.3925,1.4489857,0.3925,1.4490138,0.3925,0.1738976,0.3925,0.1738976
0.395,0.8075217,0.395,1.4588773,0.395,1.4590147,0.395,1.4590149,0.395,1.4588773,0.395,0.9842708,0.395,0.9842708
0.3975,-0.32997793,0.3975,1.467722,0.3975,1.4675632,0.3975,1.4675636,0.3975,1.467722,0.3975,1.7975829,0.3975,1.797583
0.4,-1.2749306,0.4,1.4755282,0.4,1.4756024,0.4,1.4756026,0.4,1.4755282,0.4,2.6139708,0.4,2.6139708
0.4025,-1.4194857,0.4025,1.4822787,0.4025,1.4823254,0.4025,1.4823257,0.4025,1.4822787,0.4025,-2.849374,0.4025,-2.849374
0.405,-0.65508455,0.405,1.4879584,0.405,1.4878416,0.405,1.4878416,0.405,1.4879584,0.405,-2.02672,0.405,-2.02672
0.4075,0.53981745,0.4075,1.4925547,0.4075,1.4927075,0.4075,1.4927076,0.4075,1.4925547,0.4075,-1.200774,0.4075,-1.2007738
0.41,1.3939277,0.41,1.4960574,0.41,1.4960164,0.41,1.4960164,0.41,1.4960574,0.41,-0.37156683,0.41,-0.3715668
0.4125,1.342292,0.4125,1.4984586,0.4125,1.4983854,0.4125,1.4983854,0.4125,1.4984586,0.4125,0.460511,0.4125,0.46051106
0.415,0.40695164,0.415,1.4997532,0.415,1.4998451,0.415,1.499845,0.415,1.4997532,0.415,1.2960227,0.415,1.2960228
0.4175,-0.8015122,0.4175,1.4999384,0.4175,1.4997983,0.4175,1.4997983,0.4175,1.4999384,0.4175,2.1346097,0.4175,2.1346097
0.42,-1.4785688,0.42,1.4990133,0.42,1.4990265,0.42,1.4990265,0.42,1.4990133,0.42,2.9761941,0.42,2.9761941
0.4225,-1.1644841,0.4225,1.4969804,0.4225,1.4970852,0.4225,1.4970851,0.4225,1.4969804,0.4225,-2.462009,0.4225,-2.462009
0.425,-0.06467094,0.425,1.4938442,0.425,1.493783,0.425,1.4937831,0.425,1.4938442,0.425,-1.6141031,0.425,-1.6141032
0.4275,1.0766835,0.4275,1.4896114,0.4275,1.4897273,0.4275,1.4897273,0.4275,1.4896114,0.4275,-0.76303935,0.4275,-0.7630394
0.43,1.478105,0.43,1.4842916,0.43,1.4842957,0.43,1.4842956,0.43,1.4842916,0.43,0.091364,0.43,0.09136397
0.4325,0.86113733,0.4325,1.4778965,0.4325,1.4777596,0.4325,1.4777595,0.4325,1.4778965,0.4325,0.94871044,0.4325,0.94871014
0.435,-0.3474877,0.435,1.4704404,0.435,1.4704661,0.435,1.4704665,0.435,1.4704404,0.435,1.8093641,0.435,1.809364
0.4375,-1.3044219,0.4375,1.4619398,0.4375,1.4618633,0.4375,1.4618633,0.4375,1.4619398,0.4375,2.673213,0.4375,2.6732132
0.44,-1.3386605,0.44,1.4524136,0.44,1.4524095,0.44,1.45241,0.44,1.4524136,0.44,-2.7431912,0.44,-2.7431912
0.4425,-0.4293397,0.4425,1.4418828,0.4425,1.4420459,0.4425,1.442046,0.4425,1.4418828,0.4425,-1.8731096,0.4425,-1.8731098
0.445,0.7728863,0.445,1.430371,0.445,1.4303772,0.445,1.4303777,0.445,1.430371,0.445,-0.99995846,0.445,-0.9999584
0.4475,1.407084,0.4475,1.4179037,0.4475,1.4179251,0.4475,1.4179251,0.4475,1.4179037,0.4475,-0.12373706,0.4475,-0.12373711
0.45,1.0220239,0.45,1.4045085,0.45,1.4044915,0.45,1.4044917,0.45,1.4045085,0.45,0.7558593,0.45,0.7558591
0.4525,-0.09406445,0.4525,1.3902152,0.4525,1.3900416,0.4525,1.3900416,0.4525,1.3902152,0.4525,1.6385183,0.4525,1.6385182
0.455,-1.1212848,0.455,1.3750556,0.455,1.3750314,0.455,1.3750314,0.455,1.3750556,0.455,2.5243223,0.455,2.5243223
0.4575,-1.3092287,0.4575,1.3590631,0.4575,1.3591102,0.4575,1.3591102,0.4575,1.3590631,0.4575,-2.8698268,0.4575,-2.8698268
0.46,-0.53143173,0.46,1.3422736,0.46,1.3423277,0.46,1.3423281,0.46,1.3422736,0.46,-1.9778473,0.46,-1.9778472
0.4625,0.6213062,0.4625,1.3247241,0.4625,1.3248804,0.4625,1.3248802,0.4625,1.3247241,0.4625,-1.0826918,0.4625,-1.0826917
0.465,1.2843419,0.465,1.3064536,0.465,1.3064677,0.465,1.3064673,0.465,1.3064536,0.465,-0.1843013,0.465,-0.1843013
0.4675,0.97024816,0.4675,1.2875026,0.4675,1.2873852,0.4675,1.2873852,0.4675,1.2875026,0.4675,0.7171861,0.4675,0.7171861
0.47,-0.064862,0.47,1.2679133,0.47,1.26782,0.47,1.26782,0.47,1.2679133,0.47,1.6219789,0.47,1.6219789
0.4725,-1.0214221,0.4725,1.2477293,0.4725,1.2476256,0.4725,1.2476256,0.4725,1.2477293,0.4725,2.5299273,0.4725,2.5299273
0.475,-1.1724833,0.475,1.2269952,0.475,1.2270279,0.475,1.2270283,0.475,1.2269952,0.475,-2.842307,0.475,-2.842307
0.4775,-0.42189452,0.4775,1.2057571,0.4775,1.2059283,0.4775,1.2059284,0.4775,1.2057571,0.4775,-1.9282076,0.4775,-1.9282076
0.48,0.6287746,0.48,1.1840622,0.48,1.1841711,0.48,1.1841711,0.48,1.1840622,0.48,-1.0110363,0.48,-1.0110363
0.4825,1.1571987,0.4825,1.1619587,0.4825,1.1619754,0.4825,1.1619756,0.4825,1.1619587,0.4825,-0.09070534,0.4825,-0.09070549
0.485,0.76646334,0.485,1.1394956,0.485,1.1393876,0.485,1.139388,0.485,1.1394956,0.485,0.83294797,0.485,0.8329479
0.4875,-0.20977116,0.4875,1.1167227,0.4875,1.1165392,0.4875,1.1165394,0.4875,1.1167227,0.4875,1.7597959,0.4875,1.7597959
0.49,-0.98388183,0.49,1.0936906,0.49,1.0936192,0.49,1.0936193,0.49,1.0936906,0.49,2.6897783,0.49,2.6897788
0.4925,-0.94894934,0.4925,1.0704507,0.4925,1.0705382,0.4925,1.070538,0.4925,1.0704507,0.4925,-2.6603553,0.4925,-2.660355
0.495,-0.16013014,0.495,1.0470542,0.495,1.047233,0.495,1.047233,0.495,1.0470542,0.495,-1.7243063,0.495,-1.7243062
0.4975,0.7240463,0.4975,1.0235533,0.4975,1.0236883,0.4975,1.0236883,0.4975,1.0235533,0.4975,-0.78513676,0.4975,-0.7851365
0.5,0.9876267,0.5,1.0,0.5,0.9999688,0.5,0.999969,0.5,1.0,0.5,0.15727714,0.5,0.15727721
0.5025,0.44021216,0.5025,0.97644675,0.5025,0.9762738,0.5025,0.97627395,0.5025,0.97644675,0.5025,1.1030113,0.5025,1.1030111
0.505,-0.44096398,0.505,0.9529458,0.505,0.95275396,0.505,0.95275414,0.505,0.9529458,0.505,2.0519822,0.505,2.0519824
0.5075,-0.9207392,0.5075,0.9295494,0.5075,0.92952234,0.5075,0.9295226,0.5075,0.9295494,0.5075,3.0040123,0.5075,3.0040126
0.51,-0.62009925,0.51,0.90630937,0.51,0.9064803,0.51,0.9064804,0.51,0.90630937,0.51,-2.3241293,0.51,-2.3241293
0.5125,0.17956005,0.5125,0.8832773,0.5125,0.883472,0.5125,0.88347197,0.5125,0.8832773,0.5125,-1.3661268,0.5125,-1.3661269
0.515,0.7909912,0.515,0.86050445,0.515,0.86060375,0.515,0.86060375,0.515,0.86050445,0.515,-0.4049759,0.515,-0.40497595
0.5175,0.7101159,0.5175,0.8380413,0.5175,0.83793426,0.5175,0.8379342,0.5175,0.8380413,0.5175,0.55961376,0.5175,0.55961394
0.52,0.035323273,0.52,0.8159377,0.52,0.8156673,0.52,0.8156674,0.52,0.8159377,0.52,1.5274768,0.52,1.5274769
0.5225,-0.6355003,0.5225,0.7942428,0.5225,0.7941203,0.5225,0.79412013,0.5225,0.7942428,0.5225,2.4985201,0.5225,2.49852
0.525,-0.73112124,0.525,0.7730048,0.525,0.7730987,0.525,0.77309865,0.525,0.7730048,0.525,-2.8105454,0.525,-2.8105454
0.5275,-0.19556004,0.5275,0.75227064,0.5275,0.7524709,0.5275,0.75247097,0.5275,0.75227064,0.5275,-1.8337052,0.5275,-1.8337052
0.53,0.4812339,0.53,0.7320866,0.53,0.7323183,0.53,0.7323182,0.53,0.7320866,0.53,-0.853781,0.53,-0.8537811
0.5325,0.706493,0.5325,0.71249735,0.5325,0.71247035,0.5325,0.71247,0.5325,0.71249735,0.5325,0.1296228,0.5325,0.12962304
0.535,0.30435792,0.535,0.6935465,0.535,0.6932538,0.535,0.6932537,0.535,0.6935465,0.535,1.1162796,0.535,1.1162795
0.5375,-0.34452114,0.5375,0.675276,0.5375,0.67509246,0.5375,0.67509246,0.5375,0.675276,0.5375,2.1063666,0.5375,2.1063666
0.54,-0.657132,0.54,0.65772647,0.54,0.6577121,0.54,0.6577119,0.54,0.65772647,0.54,3.0995982,0.54,3.0995982
0.5425,-0.37099466,0.5425,0.64093685,0.5425,0.64111346,0.5425,0.64111334,0.5425,0.64093685,0.5425,-2.1878963,0.5425,-2.1878965
0.545,0.23289119,0.545,0.62494445,0.545,0.62528175,0.545,0.62528175,0.545,0.62494445,0.545,-1.1891396,0.545,-1.1891401
0.5475,0.5991987,0.5475,0.6097848,0.5475,0.60982573,0.5475,0.6098257,0.5475,0.6097848,0.5475,-0.18695989,0.5475,-0.18696004
0.55,0.40675247,0.55,0.5954915,0.55,0.595212,0.55,0.5952122,0.55,0.5954915,0.55,0.8184223,0.55,0.818422
0.5525,-0.14777806,0.5525,0.58209634,0.5525,0.58188033,0.5525,0.5818805,0.5525,0.58209634,0.5525,1.8275752,0.5525,1.8275751
0.555,-0.54379046,0.555,0.569629,0.555,0.5695094,0.555,0.5695096,0.555,0.569629,0.555,2.8399174,0.555,2.8399177
0.5575,-0.42231962,0.5575,0.5581172,0.5575,0.55826545,0.5575,0.5582655,0.5575,0.5581172,0.5575,-2.4287183,0.5575,-2.4287183
0.56,0.08715152,0.56,0.5475865,0.56,0.5480024,0.56,0.5480025,0.56,0.5475865,0.56,-1.4110831,0.56,-1.411083
0.5625,0.49770865,0.5625,0.53806025,0.5625,0.538148,0.5625,0.5381479,0.5625,0.53806025,0.5625,-0.39014265,0.5625,-0.39014247
0.565,0.4264536,0.565,0.5295596,0.565,0.52929837,0.565,0.5292981,0.565,0.5295596,0.565,0.6339463,0.565,0.63394654
0.5675,-0.0476198,0.5675,0.5221035,0.5675,0.5218702,0.5675,0.52187014,0.5675,0.5221035,0.5675,1.6621717,0.5675,1.6621717
0.57,-0.46463722,0.57,0.51570845,0.57,0.51550835,0.57,0.5155085,0.57,0.51570845,0.57,2.6935995,0.57,2.6935992
0.5725,-0.4255134,0.5725,0.5103886,0.5725,0.51052016,0.5725,0.5105202,0.5725,0.5103886,0.5725,-2.5561903,0.5725,-2.5561905
0.575,0.025893155,0.575,0.50615585,0.575,0.5066363,0.575,0.50663656,0.575,0.50615585,0.575,-1.5196657,0.575,-1.519666
0.5775,0.4462904,0.5775,0.5030195,0.5775,0.5031312,0.5775,0.50313145,0.5775,0.5030195,0.5775,-0.47993344,0.5775,-0.4799337
0.58,0.42346138,0.58,0.50098664,0.58,0.50071883,0.58,0.5007187,0.58,0.50098664,0.58,0.56290716,0.58,0.5629073
0.5825,-0.019681508,0.5825,0.5000617,0.5825,0.49981537,0.5825,0.49981543,0.5825,0.5000617,0.5825,1.6101837,0.5825,1.6101836
0.585,-0.44328395,0.585,0.5002467,0.585,0.50000477,0.585,0.5000048,0.585,0.5002467,0.585,2.6606498,0.585,2.66065
0.5875,-0.42202044,0.5875,0.5015413,0.5875,0.5016769,0.5875,0.5016768,0.5875,0.5015413,0.5875,-2.5703313,0.5875,-2.570331
0.59,0.02815725,0.59,0.50394267,0.59,0.5044852,0.59,0.50448525,0.59,0.50394267,0.59,-1.5149536,0.59,-1.5149537
0.5925,0.45562077,0.5925,0.50744534,0.5925,0.5075577,0.5925,0.507558,0.5925,0.50744534,0.5925,-0.45633712,0.5925,-0.4563369
0.595,0.42078444,0.595,0.5120416,0.595,0.51171994,0.595,0.5117198,0.595,0.5120416,0.595,0.6053651,0.595,0.6053653
0.5975,-0.05208918,0.5975,0.5177213,0.5975,0.51746255,0.5975,0.5174626,0.5975,0.5177213,0.5975,1.67163,0.5975,1.6716299
0.6,-0.48275188,0.6,0.52447176,0.6,0.5242427,0.6,0.5242428,0.6,0.52447176,0.6,2.7410657,0.6,2.7410653
0.6025,-0.41719484,0.6025,0.532278,0.6025,0.53244233,0.6025,0.5324425,0.6025,0.532278,0.6025,-2.471154,0.6025,-2.4711533
0.605,0.09368523,0.605,0.5411227,0.605,0.5417222,0.605,0.54172206,0.605,0.5411227,0.605,-1.3969827,0.605,-1.3969827
0.6075,0.5232088,0.6075,0.55098623,0.6075,0.5510709,0.6075,0.5510708,0.6075,0.55098623,0.6075,-0.31934834,0.6075,-0.31934842
0.61,0.40640548,0.61,0.5618467,0.61,0.5614112,0.61,0.5614114,0.61,0.5618467,0.61,0.76135784,0.61,0.76135755
0.6125,-0.15610029,0.6125,0.5736799,0.6125,0.5734154,0.6125,0.5734155,0.6125,0.5736799,0.6125,1.846505,0.6125,1.8465052
0.615,-0.57383543,0.615,0.5864597,0.615,0.58632505,0.615,0.58632505,0.615,0.5864597,0.615,2.934819,0.615,2.934819
0.6175,-0.3811696,0.6175,0.6001577,0.6175,0.60037416,0.6175,0.6003741,0.6175,0.6001577,0.6175,-2.2586584,0.6175,-2.2586584
0.62,0.2424994,0.62,0.61474335,0.62,0.61536556,0.62,0.6153653,0.62,0.61474335,0.62,-1.1657364,0.62,-1.1657369
0.6225,0.6287065,0.6225,0.6301845,0.6225,0.63020426,0.6225,0.6302041,0.6225,0.6301845,0.6225,-0.068953276,0.6225,-0.06895348
0.625,0.33199883,0.625,0.6464466,0.625,0.64584553,0.625,0.6458456,0.625,0.6464466,0.625,1.0308931,0.625,1.0308931
0.6275,-0.3545468,0.6275,0.66349375,0.6275,0.6632472,0.6275,0.66324735,0.6275,0.66349375,0.6275,2.1347857,0.6275,2.1347857
0.63,-0.67793804,0.63,0.681288,0.63,0.6813603,0.63,0.6813601,0.63,0.681288,0.63,-3.0413265,0.63,-3.0413265
0.6325,-0.24795075,0.6325,0.6997899,0.6325,0.70006824,0.6325,0.70006824,0.6325,0.6997899,0.6325,-1.9328343,0.6325,-1.9328341
0.635,0.49025938,0.635,0.7189583,0.635,0.7195063,0.635,0.7195063,0.635,0.7189583,0.635,-0.8211458,0.635,-0.8211458
0.6375,0.70678186,0.6375,0.7387507,0.6375,0.73866236,0.6375,0.7386625,0.6375,0.7387507,0.6375,0.2948691,0.6375,0.29486912
0.64,0.11845784,0.64,0.75912315,0.64,0.7583587,0.64,0.7583588,0.64,0.75912315,0.64,1.413951,0.64,1.4139513
0.6425,-0.6413615,0.6425,0.7800304,0.6425,0.779854,0.6425,0.779854,0.6425,0.7800304,0.6425,2.536435,0.6425,2.5364347
0.645,-0.69562745,0.645,0.80142605,0.645,0.80182344,0.645,0.8018234,0.645,0.80142605,0.645,-2.6210656,0.645,-2.6210654
0.6475,0.063461505,0.6475,0.8232626,0.6475,0.8235783,0.6475,0.8235784,0.6475,0.8232626,0.6475,-1.4936641,0.6475,-1.4936641
0.65,0.79063904,0.65,0.8454915,0.65,0.8457844,0.65,0.84578437,0.65,0.8454915,0.65,-0.36310124,0.65,-0.36310124
0.6525,0.62173593,0.6525,0.86806345,0.6525,0.8678378,0.6525,0.8678375,0.6525,0.86806345,0.6525,0.77213967,0.6525,0.77213943
0.655,-0.29657128,0.655,0.8909284,0.655,0.89012474,0.655,0.8901246,0.655,0.8909284,0.655,1.9104699,0.655,1.9104697
0.6575,-0.910291,0.6575,0.91403544,0.6575,0.9140057,0.6575,0.9140056,0.6575,0.91403544,0.6575,3.051406,0.6575,3.0514057
0.66,-0.46354425,0.66,0.9373334,0.66,0.9380979,0.66,0.93809795,0.66,0.9373334,0.66,-2.0876327,0.66,-2.0876324
0.6625,0.56595004,0.6625,0.9607704,0.6625,0.9610438,0.6625,0.96104383,0.6625,0.9607704,0.6625,-0.94111013,0.6625,-0.94111025
0.665,0.9627854,0.665,0.9842946,0.665,0.9841065,0.665,0.9841063,0.665,0.9842946,0.665,0.2085378,0.665,0.20853783
0.6675,0.20799188,0.6675,1.0078536,0.6675,1.0075152,0.6675,1.0075152,0.6675,1.0078536,0.6675,1.3628606,0.6675,1.3628609
0.67,-0.8382184,0.67,1.0313953,0.67,1.0308504,0.67,1.0308503,0.67,1.0313953,0.67,2.5203109,0.67,2.5203109
0.6725,-0.90597516,0.6725,1.0548671,0.6725,1.0550486,0.6725,1.0550487,0.6725,1.0548671,0.6725,-2.6035333,0.6725,-2.6035333
0.675,0.13968341,0.675,1.0782173,0.675,1.079174,0.675,1.0791744,0.675,1.0782173,0.675,-1.4409966,0.675,-1.4409966
0.6775,1.0600715,0.6775,1.1013937,0.6775,1.101492,0.6775,1.1014919,0.6775,1.1013937,0.6775,-0.27510747,0.6775,-0.2751076
0.68,0.7037827,0.68,1.124345,0.68,1.1235691,0.68,1.1235693,0.68,1.124345,0.68,0.89389396,0.68,0.89389396
0.6825,-0.54592127,0.6825,1.1470202,0.6825,1.1466941,0.6825,1.146694,0.6825,1.1470202,0.6825,2.0669913,0.6825,2.0669913
0.685,-1.1634352,0.685,1.169369,0.685,1.1694728,0.685,1.1694726,0.685,1.169369,0.685,-3.0399368,0.685,-3.0399368
0.6875,-0.34217986,0.6875,1.1913418,0.6875,1.1917061,0.6875,1.1917057,0.6875,1.1913418,0.6875,-1.8620304,0.6875,-1.8620303
0.69,0.94289273,0.69,1.2128897,0.69,1.2135551,0.69,1.2135552,0.69,1.2128897,0.69,-0.68096244,0.69,-0.6809622
0.6925,1.0801125,0.6925,1.2339649,0.6925,1.2337767,0.6925,1.2337765,0.6925,1.2339649,0.6925,0.5044254,0.6925,0.50442564
0.695,-0.1527242,0.695,1.2545207,0.695,1.2534387,0.695,1.2534386,0.695,1.2545207,0.695,1.6929439,0.695,1.692944
0.6975,-1.2325004,0.6975,1.2745115,0.6975,1.2744098,0.6975,1.2744097,0.6975,1.2745115,0.6975,2.8844268,0.6975,2.8844268
0.7,-0.7662888,0.7,1.2938926,0.7,1.2947983,0.7,1.2947981,0.7,1.2938926,0.7,-2.2041125,0.7,-2.2041125
0.7025,0.70141685,0.7025,1.3126214,0.7025,1.3129677,0.7025,1.3129675,0.7025,1.3126214,0.7025,-1.0072087,0.7025,-1.0072086
0.705,1.305773,0.705,1.3306559,0.705,1.3304335,0.705,1.3304332,0.705,1.3306559,0.705,0.19283791,0.705,0.19283794
0.7075,0.23232795,0.7075,1.3479564,0.7075,1.347542,0.7075,1.347542,0.7075,1.3479564,0.7075,1.3975219,0.7075,1.397522
0.71,-1.1724405,0.71,1.3644843,0.71,1.3638741,0.71,1.3638738,0.71,1.3644843,0.71,2.6053607,0.71,2.6053607
0.7125,-1.0790862,0.7125,1.380203,0.7125,1.3804723,0.7125,1.3804724,0.7125,1.380203,0.7125,-2.4681497,0.7125,-2.4681497
0.715,0.43319148,0.715,1.3950775,0.715,1.396247,0.715,1.3962473,0.715,1.3950775,0.715,-1.255336,0.715,-1.2553359
0.7175,1.4080263,0.7175,1.4090749,0.7175,1.4090921,0.7175,1.409092,0.7175,1.4090749,0.7175,-0.038895722,0.7175,-0.038895577
0.72,0.54035676,0.72,1.422164,0.72,1.420991,0.72,1.420991,0.72,1.422164,0.72,1.1807107,0.72,1.1807107
0.7225,-1.0613585,0.7225,1.4343158,0.7225,1.434009,0.7225,1.4340087,0.7225,1.4343158,0.7225,2.4040656,0.7225,2.4040656
0.725,-1.2766596,0.725,1.4455032,0.725,1.4461168,0.725,1.4461168,0.725,1.4455032,0.725,-2.6526268,0.725,-2.6526268
0.7275,0.21242653,0.7275,1.4557016,0.7275,1.4561658,0.7275,1.4561658,0.7275,1.4557016,0.7275,-1.4243932,0.7275,-1.4243933
0.73,1.4379374,0.73,1.4648882,0.73,1.4651461,0.73,1.4651462,0.73,1.4648882,0.73,-0.1930207,0.73,-0.19302064
0.7325,0.7415378,0.7325,1.4730427,0.7325,1.4726251,0.7325,1.4726255,0.7325,1.4730427,0.7325,1.0430956,0.7325,1.0430956
0.735,-0.9659228,0.735,1.4801469,0.735,1.4790938,0.735,1.479094,0.735,1.4801469,0.735,2.2824018,0.735,2.2824016
0.7375,-1.3791326,0.7375,1.486185,0.7375,1.4863704,0.7375,1.4863703,0.7375,1.486185,0.7375,-2.7594092,0.7375,-2.7594094
0.74,0.08331603,0.74,1.4911436,0.74,1.4925752,0.74,1.4925752,0.74,1.4911436,0.74,-1.5149469,0.74,-1.5149472
0.7425,1.4420713,0.7425,1.4950118,0.7425,1.4951472,0.7425,1.495147,0.7425,1.4950118,0.7425,-0.26724774,0.7425,-0.26724786
0.745,0.8290558,0.745,1.497781,0.745,1.4965497,0.745,1.4965495,0.745,1.497781,0.745,0.9836613,0.745,0.9836613
0.7475,-0.92841315,0.7475,1.499445,0.7475,1.4990304,0.7475,1.4990302,0.7475,1.499445,0.7475,2.2387013,0.7475,2.2387013
0.75,-1.4068266,0.75,1.5,0.75,1.5005302,0.75,1.50053,0.75,1.5,0.75,-2.786324,0.75,-2.786324
0.7525,0.0660929,0.7525,1.499445,0.7525,1.4999894,0.7525,1.4999895,0.7525,1.499445,0.7525,-1.5267198,0.7525,-1.5267198
0.755,1.4462864,0.755,1.497781,0.755,1.4981906,0.755,1.4981909,0.755,1.497781,0.755,-0.26399523,0.755,-0.26399523
0.7575,0.80285555,0.7575,1.4950118,0.7575,1.494537,0.7575,1.4945371,0.7575,1.4950118,0.7575,1.0036902,0.7575,1.0036901
0.76,-0.9641729,0.76,1.4911436,0.76,1.4899042,0.76,1.4899043,0.76,1.4911436,0.76,2.27462,0.76,2.27462
0.7625,-1.3656669,0.7625,1.486185,0.7625,1.4864148,0.7625,1.4864144,0.7625,1.486185,0.7625,-2.7357392,0.7625,-2.7357392
0.765,0.16398661,0.765,1.4801469,0.765,1.4818147,0.765,1.4818149,0.765,1.4801469,0.765,-1.4599031,0.765,-1.459903
0.7675,1.4491627,0.7675,1.4730427,0.7675,1.4731506,0.7675,1.4731506,0.7675,1.4730427,0.7675,-0.1807085,0.7675,-0.1807086
0.77,0.6614459,0.77,1.4648882,0.77,1.4633416,0.77,1.4633416,0.77,1.4648882,0.77,1.1017783,0.77,1.1017783
0.7725,-1.0616314,0.7725,1.4557016,0.7725,1.4552757,0.7725,1.4552759,0.7725,1.4557016,0.7725,2.3883948,0.7725,2.3883948
0.775,-1.2432194,0.775,1.4455032,0.775,1.4464182,0.775,1.4464182,0.775,1.4455032,0.775,-2.605118,0.775,-2.605118
0.7775,0.36413288,0.7775,1.4343158,0.7775,1.4349393,0.7775,1.4349394,0.7775,1.4343158,0.7775,-1.3142289,0.7775,-1.3142288
0.78,1.42191,0.78,1.422164,0.78,1.4222002,0.78,1.4222003,0.78,1.422164,0.78,-0.02019904,0.78,-0.0201989
0.7825,0.40471765,0.7825,1.4090749,0.7825,1.4084345,0.7825,1.4084349,0.7825,1.4090749,0.7825,1.2793343,0.7825,1.2793344
0.785,-1.181538,0.785,1.3950775,0.785,1.3940598,0.785,1.3940603,0.785,1.3950775,0.785,2.5821514,0.785,2.5821517
0.7875,-1.0154483,0.7875,1.380203,0.7875,1.3806727,0.7875,1.3806728,0.7875,1.380203,0.7875,-2.3971617,0.7875,-2.3971615
0.79,0.6313984,0.79,1.3644843,0.79,1.3662419,0.79,1.3662419,0.79,1.3644843,0.79,-1.0903867,0.79,-1.0903866
0.7925,1.3150985,0.7925,1.3479564,0.7925,1.3477985,0.7925,1.3477985,0.7925,1.3479564,0.7925,0.22072844,0.7925,0.22072846
0.795,0.047137268,0.795,1.3306559,0.795,1.3286046,0.795,1.328605,0.795,1.3306559,0.795,1.53531,0.795,1.53531
0.7975,-1.2581997,0.7975,1.3126214,0.7975,1.312408,0.7975,1.312408,0.7975,1.3126214,0.7975,2.853176,0.7975,2.8531764
0.8,-0.66451097,0.8,1.2938926,0.8,1.2957175,0.8,1.2957175,0.8,1.2938926,0.8,-2.1092997,0.8,-2.1092997
0.8025,0.90015066,0.8025,1.2745115,0.8025,1.2750634,0.8025,1.2750638,0.8025,1.2745115,0.8025,-0.78701115,0.8025,-0.7870111
0.805,1.0759273,0.805,1.2545207,0.805,1.2533885,0.805,1.2533888,0.805,1.2545207,0.805,0.53862524,0.805,0.5386252
0.8075,-0.36371756,0.8075,1.2339649,0.8075,1.2331883,0.8075,1.2331883,0.8075,1.2339649,0.8075,1.87019,0.8075,1.87019
0.81,-1.210603,0.81,1.2128897,0.81,1.213032,0.81,1.2130322,0.81,1.2128897,0.81,-3.0782964,0.81,-3.0782964
0.8125,-0.20533451,0.8125,1.1913418,0.8125,1.1921772,0.8125,1.1921772,0.8125,1.1913418,0.8125,-1.7438943,0.8125,-1.7438946
0.815,1.074905,0.815,1.169369,0.815,1.1703057,0.815,1.1703056,0.815,1.169369,0.815,-0.40657097,0.815,-0.40657115
0.8175,0.67857784,0.8175,1.1470202,0.8175,1.1463058,0.8175,1.1463059,0.8175,1.1470202,0.8175,0.9372964,0.8175,0.9372964
0.82,-0.73507214,0.82,1.124345,0.82,1.1224796,0.82,1.1224799,0.82,1.124345,0.82,2.2847996,0.82,2.2847996
0.8225,-0.97152126,0.8225,1.1013937,0.8225,1.1018306,0.8225,1.1018308,0.8225,1.1013937,0.8225,-2.650321,0.8225,-2.6503212
0.825,0.2892998,0.825,1.0782173,0.825,1.0806885,0.825,1.0806885,0.825,1.0782173,0.825,-1.2997918,0.825,-1.2997918
0.8275,1.0532193,0.8275,1.0548671,0.8275,1.0548133,0.8275,1.0548134,0.8275,1.0548671,0.8275,0.054983746,0.8275,0.054983724
0.83,0.16094472,0.83,1.0313953,0.83,1.0287582,0.83,1.028758,0.83,1.0313953,0.83,1.4137055,0.83,1.4137056
0.8325,-0.9410546,0.8325,1.0078536,0.8325,1.0074891,0.8325,1.0074892,0.8325,1.0078536,0.8325,2.776412,0.8325,2.7764118
0.835,-0.53315705,0.835,0.9842946,0.835,0.9866342,0.835,0.9866342,0.835,0.9842946,0.835,-2.1416845,0.835,-2.1416845
0.8375,0.6860207,0.8375,0.9607704,0.8375,0.9615208,0.8375,0.9615207,0.8375,0.9607704,0.8375,-0.77635163,0.8375,-0.77635133
0.84,0.7761203,0.84,0.9373334,0.84,0.93570936,0.84,0.93570936,0.84,0.9373334,0.84,0.5926812,0.84,0.59268135
0.8425,-0.35460103,0.8425,0.91403544,0.8425,0.912996,0.8425,0.9129958,0.8425,0.91403544,0.8425,1.9696833,0.8425,1.9696833
0.845,-0.8723248,0.845,0.8909284,0.845,0.8915494,0.845,0.89154947,0.845,0.8909284,0.845,-2.933549,0.845,-2.9335487
0.8475,0.012302303,0.8475,0.86806345,0.8475,0.8692533,0.8475,0.86925316,0.8475,0.86806345,0.8475,-1.5566434,0.8475,-1.5566431
0.85,0.83283854,0.85,0.8454915,0.85,0.8460437,0.85,0.8460436,0.85,0.8454915,0.85,-0.17691076,0.85,-0.17691082
0.8525,0.28805962,0.8525,0.8232626,0.8525,0.8220846,0.8525,0.82208455,0.8525,0.8232626,0.8525,1.2127964,0.8525,1.2127967
0.855,-0.6879832,0.855,0.80142605,0.855,0.7997288,0.855,0.7997288,0.855,0.80142605,0.855,2.6065967,0.855,2.6065965
0.8575,-0.51228654,0.8575,0.7800304,0.8575,0.78103524,0.8575,0.78103536,0.8575,0.7800304,0.8575,-2.2861798,0.8575,-2.28618
0.86,0.4770346,0.86,0.75912315,0.86,0.7618341,0.86,0.7618342,0.86,0.75912315,0.86,-0.8941699,0.86,-0.8941705
0.8625,0.645514,0.8625,0.7387507,0.8625,0.7380642,0.8625,0.7380641,0.8625,0.7387507,0.8625,0.5061775,0.8625,0.5061773
0.865,-0.23932607,0.865,0.7189583,0.865,0.71551085,0.865,0.7155106,0.865,0.7189583,0.865,1.9118526,0.865,1.9118527
0.8675,-0.6892222,0.8675,0.6997899,0.8675,0.70005196,0.8675,0.70005184,0.8675,0.6997899,0.8675,-2.9654677,0.8675,-2.9654675
0.87,0.008046164,0.87,0.681288,0.87,0.68513674,0.87,0.68513674,0.87,0.681288,0.87,-1.5590521,0.87,-1.5590523
0.8725,0.65631485,0.8725,0.66349375,0.8725,0.66373116,0.8725,0.6637312,0.8725,0.66349375,0.8725,-0.14963005,0.8725,-0.14963058
0.875,0.19297388,0.875,0.6464466,0.875,0.64257336,0.875,0.6425738,0.875,0.6464466,0.875,1.2657743,0.875,1.2657745
0.8775,-0.56582475,0.8775,0.6301845,0.8775,0.6294302,0.8775,0.62943006,0.8775,0.6301845,0.8775,2.6881578,0.8775,2.688158
0.88,-0.34988785,0.88,0.61474335,0.88,0.618276,0.88,0.6182758,0.88,0.61474335,0.88,-2.172332,0.88,-2.1723318
0.8825,0.43833625,0.8825,0.6001577,0.8825,0.6014186,0.8825,0.60141844,0.8825,0.6001577,0.8825,-0.75417423,0.8825,-0.7541745
0.885,0.45764768,0.885,0.5864597,0.885,0.5836282,0.885,0.583628,0.885,0.5864597,0.885,0.66948307,0.885,0.66948295
0.8875,-0.29268754,0.8875,0.5736799,0.8875,0.5719732,0.8875,0.5719731,0.8875,0.5736799,0.8875,2.1079764,0.8875,2.1079767
0.89,-0.5178428,0.89,0.5618467,0.89,0.5637374,0.89,0.5637372,0.89,0.5618467,0.89,-2.7352912,0.89,-2.7352915
0.8925,0.14407185,0.8925,0.55098623,0.8925,0.5530575,0.8925,0.5530576,0.8925,0.55098623,0.8925,-1.3072556,0.8925,-1.3072556
0.895,0.5362824,0.895,0.5411227,0.895,0.5404603,0.895,0.54046035,0.895,0.5411227,0.895,0.12442024,0.895,0.124420226
0.8975,-0.003352761,0.8975,0.532278,0.8975,0.52994984,0.8975,0.52994984,0.8975,0.532278,0.8975,1.5771228,0.8975,1.577123
0.9,-0.5208181,0.9,0.52447176,0.9,0.52385247,0.9,0.5238526,0.9,0.52447176,0.9,3.0339086,0.9,3.0339088
0.9025,-0.12274156,0.9025,0.5177213,0.9025,0.5201862,0.9025,0.52018654,0.9025,0.5177213,0.9025,-1.8089997,0.9025,-1.8089995
0.905,0.47967395,0.905,0.5120416,0.905,0.51413447,0.905,0.51413447,0.905,0.5120416,0.905,-0.3682084,0.905,-0.36820877
0.9075,0.2309092,0.9075,0.50744534,0.9075,0.5049732,0.9075,0.50497335,0.9075,0.50744534,0.9075,1.0958732,0.9075,1.0958726
0.91,-0.42035833,0.91,0.50394267,0.91,0.5004682,0.91,0.50046825,0.91,0.50394267,0.91,2.5679507,0.91,2.5679502
0.9125,-0.3203634,0.9125,0.5015413,0.9125,0.5038973,0.9125,0.50389785,0.9125,0.5015413,0.9125,-2.2598033,0.9125,-2.2598033
0.915,0.34910265,0.915,0.5002467,0.915,0.50518954,0.915,0.50518954,0.915,0.5002467,0.915,-0.8078792,0.915,-0.8078789
0.9175,0.391944,0.9175,0.5000617,0.9175,0.49796665,0.9175,0.4979666,0.9175,0.5000617,0.9175,0.66472065,0.9175,0.66472095
0.92,-0.27070296,0.92,0.50098664,0.92,0.4947184,0.92,0.49471837,0.92,0.50098664,0.92,2.149795,0.92,2.1497948
0.9225,-0.44738173,0.9225,0.5030195,0.9225,0.5047552,0.9225,0.5047553,0.9225,0.5030195,0.9225,-2.6601636,0.9225,-2.6601648
0.925,0.18862353,0.925,0.50615585,0.925,0.51374424,0.925,0.5137444,0.925,0.50615585,0.925,-1.1948481,0.925,-1.1948485
0.9275,0.48876727,0.9275,0.5103886,0.9275,0.5091854,0.9275,0.5091854,0.9275,0.5103886,0.9275,0.28414944,0.9275,0.28414947
0.93,-0.10523509,0.93,0.51570845,0.93,0.50691015,0.93,0.5069099,0.93,0.51570845,0.93,1.7799186,0.93,1.7799183
0.9325,-0.5182202,0.9325,0.5221035,0.9325,0.5227087,0.9325,0.5227083,0.9325,0.5221035,0.9325,-3.010451,0.9325,-3.010451
0.935,0.022092337,0.935,0.5295596,0.935,0.5395233,0.935,0.5395231,0.935,0.5295596,0.935,-1.529837,0.935,-1.529837
0.9375,0.5377225,0.9375,0.53806025,0.9375,0.53828186,0.9375,0.538282,0.9375,0.53806025,0.9375,-0.045596123,0.9375,-0.045595903
0.94,0.05981046,0.94,0.5475865,0.94,0.53649735,0.94,0.5364972,0.94,0.5475865,0.94,1.4590809,0.94,1.4590809
0.9425,-0.5490694,0.9425,0.5581172,0.9425,0.5570181,0.9425,0.55701834,0.9425,0.5581172,0.9425,2.9724514,0.9425,2.9724517
0.945,-0.13983566,0.945,0.569629,0.945,0.5818631,0.945,0.58186346,0.945,0.569629,0.945,-1.8134959,0.945,-1.8134959
0.9475,0.5538891,0.9475,0.58209634,0.9475,0.5844117,0.9475,0.58441156,0.9475,0.58209634,0.9475,-0.3246196,0.9475,-0.32461965
0.95,0.21755747,0.95,0.5954915,0.95,0.58208317,0.95,0.5820831,0.95,0.5954915,0.95,1.1877403,0.95,1.1877401
0.9525,-0.5536965,0.9525,0.6097848,0.9525,0.60616416,0.9525,0.6061638,0.9525,0.6097848,0.9525,2.7224638,0.9525,2.7224631
0.955,-0.2926693,0.955,0.62494445,0.955,0.63979274,0.955,0.6397928,0.955,0.62494445,0.955,-2.0459146,0.955,-2.0459154
0.9575,0.54995245,0.9575,0.64093685,0.9575,0.6464352,0.9575,0.64643544,0.9575,0.64093685,0.9575,-0.55339277,0.9575,-0.55339307
0.96,0.36492866,0.96,0.65772647,0.96,0.64135605,0.96,0.64135617,0.96,0.65772647,0.96,0.9655129,0.96,0.96551263
0.9625,-0.5441138,0.9625,0.675276,0.9625,0.6676363,0.9625,0.6676363,0.9625,0.675276,0.9625,2.5235002,0.9625,2.5235
0.965,-0.43412477,0.965,0.6935465,0.965,0.71233743,0.965,0.7123377,0.965,0.6935465,0.965,-2.2261465,0.965,-2.2261467
0.9675,0.5376673,0.9675,0.71249735,0.9675,0.72341806,0.9675,0.7234182,0.9675,0.71249735,0.9675,-0.7329085,0.9675,-0.7329088
0.97,0.50005424,0.97,0.7320866,0.97,0.71071786,0.97,0.7107176,0.97,0.7320866,0.97,0.79035866,0.97,0.7903584
0.9725,-0.5321451,0.9725,0.75227064,0.9725,0.7372257,0.9725,0.7372254,0.9725,0.75227064,0.9725,2.3772266,0.9725,2.3772266
0.975,-0.5624953,0.975,0.7730048,0.975,0.7996481,0.975,0.79964775,0.975,0.7730048,0.975,-2.3510065,0.975,-2.3510067
0.9775,0.5291244,0.9775,0.7942428,0.9775,0.8162979,0.9775,0.81629795,0.9775,0.7942428,0.9775,-0.86557794,0.9775,-0.86557806
0.98,0.6211735,0.98,0.8159377,0.98,0.7835332,0.98,0.7835332,0.98,0.8159377,0.98,0.65543103,0.98,0.6554311
0.9825,-0.5302119,0.9825,0.8380413,0.9825,0.80585307,0.9825,0.80585295,0.9825,0.8380413,0.9825,2.2888913,0.9825,2.2888913
0.985,-0.6757163,0.985,0.86050445,0.985,0.9085233,0.985,0.9085235,0.985,0.86050445,0.985,-2.4094627,0.985,-2.4094627
0.9875,0.5370152,0.9875,0.8832773,0.9875,0.93648404,0.9875,0.93648434,0.9875,0.8832773,0.9875,-0.96010023,0.9875,-0.96010053
0.99,0.7255963,0.99,0.90630937,0.99,0.839782,0.99,0.83978236,0.99,0.90630937,0.99,0.5275777,0.99,0.5275776
0.9925,-0.5511015,0.9925,0.9295494,0.9925,0.8369577,0.9925,0.83695805,0.9925,0.9295494,0.9925,2.2895641,0.9925,2.2895641
0.995,-0.7700664,0.995,0.9529458,0.995,1.1103028,0.995,1.1103029,0.995,0.9529458,0.995,-2.3372214,0.995,-2.3372211
0.9975,0.573941,0.9975,0.97644675,0.9975,1.2350847,0.9975,1.235085,0.9975,0.97644675,0.9975,-1.0875033,0.9975,-1.0875033
