ax_0_0_plot_000_x,ax_0_0_plot_000_y,ax_1_0_plot_001_x,ax_1_0_plot_001_y,ax_1_0_plot_002_x,ax_1_0_plot_002_y,ax_2_0_plot_003_x,ax_2_0_plot_003_y,ax_2_0_plot_004_x,ax_2_0_plot_004_y
0.0,0.0,0.0,0.99999994,0.0,1.0,0.0,-1.5707963,0.0,-1.5707963
0.001953125,0.12241068,0.001953125,0.99999994,0.001953125,0.99999994,0.001953125,-1.4480779,0.001953125,-1.4480778
0.00390625,0.24298018,0.00390625,1.0,0.00390625,0.9999999,0.00390625,-1.3253595,0.00390625,-1.3253593
0.005859375,0.35989505,0.005859375,1.0,0.005859375,0.99999994,0.005859375,-1.202641,0.005859375,-1.202641
0.0078125,0.47139674,0.0078125,1.0,0.0078125,1.0,0.0078125,-1.0799224,0.0078125,-1.0799224
0.009765625,0.57580817,0.009765625,1.0,0.009765625,1.0000001,0.009765625,-0.9572041,0.009765625,-0.95720404
0.01171875,0.671559,0.01171875,1.0000001,0.01171875,0.99999994,0.01171875,-0.8344855,0.01171875,-0.8344855
0.013671875,0.7572088,0.013671875,0.9999999,0.013671875,1.0,0.013671875,-0.711767,0.013671875,-0.71176714
0.015625,0.8314696,0.015625,0.9999999,0.015625,1.0,0.015625,-0.5890486,0.015625,-0.5890487
0.017578125,0.8932243,0.017578125,1.0,0.017578125,0.99999994,0.017578125,-0.4663301,0.017578125,-0.46633008
0.01953125,0.94154406,0.01953125,1.0,0.01953125,0.99999994,0.01953125,-0.34361175,0.01953125,-0.34361172
0.021484375,0.9757021,0.021484375,0.99999994,0.021484375,1.0,0.021484375,-0.22089317,0.021484375,-0.22089319
0.0234375,0.9951847,0.0234375,1.0,0.0234375,1.0,0.0234375,-0.09817468,0.0234375,-0.098174565
0.025390625,0.9996988,0.025390625,0.9999999,0.025390625,0.9999998,0.025390625,0.024543747,0.025390625,0.024543768
0.02734375,0.9891765,0.02734375,0.99999994,0.02734375,0.9999999,0.02734375,0.14726214,0.02734375,0.14726219
0.029296875,0.96377605,0.029296875,0.9999999,0.029296875,0.99999994,0.029296875,0.26998058,0.029296875,0.26998058
0.03125,0.9238795,0.03125,1.0,0.03125,1.0000001,0.03125,0.3926991,0.03125,0.39269915
0.033203125,0.87008697,0.033203125,0.99999994,0.033203125,0.9999998,0.033203125,0.5154176,0.033203125,0.5154174
0.03515625,0.8032075,0.03515625,0.99999994,0.03515625,1.0000001,0.03515625,0.638136,0.03515625,0.63813585
0.037109375,0.7242471,0.037109375,1.0000001,0.037109375,0.9999999,0.037109375,0.76085436,0.037109375,0.7608544
0.0390625,0.6343933,0.0390625,1.0000001,0.0390625,1.0000002,0.0390625,0.883573,0.0390625,0.8835729
0.041015625,0.53499764,0.041015625,0.99999994,0.041015625,1.0,0.041015625,1.0062915,0.041015625,1.0062916
0.04296875,0.42755508,0.04296875,0.9999999,0.04296875,0.99999994,0.04296875,1.12901,0.04296875,1.1290098
0.044921875,0.31368175,0.044921875,0.9999998,0.044921875,1.0,0.044921875,1.2517283,0.044921875,1.2517283
0.046875,0.19509032,0.046875,1.0000001,0.046875,1.0,0.046875,1.3744469,0.046875,1.3744467
0.048828125,0.07356457,0.048828125,1.0,0.048828125,0.99999994,0.048828125,1.4971653,0.048828125,1.4971653
0.05078125,-0.049067676,0.05078125,0.9999999,0.05078125,1.0,0.05078125,1.6198837,0.05078125,1.6198837
0.052734375,-0.17096189,0.052734375,1.0000001,0.052734375,1.0,0.052734375,1.7426021,0.052734375,1.7426022
0.0546875,-0.29028466,0.0546875,0.99999994,0.0546875,0.9999998,0.0546875,1.8653207,0.0546875,1.8653207
0.056640625,-0.4052413,0.056640625,1.0,0.056640625,0.99999994,0.056640625,1.988039,0.056640625,1.9880391
0.05859375,-0.51410276,0.05859375,1.0000001,0.05859375,0.9999999,0.05859375,2.1107576,0.05859375,2.1107576
0.060546875,-0.6152316,0.060546875,0.99999994,0.060546875,1.0,0.060546875,2.2334762,0.060546875,2.2334762
0.0625,-0.70710677,0.0625,0.99999994,0.0625,0.9999999,0.0625,2.3561945,0.0625,2.3561945
0.064453125,-0.7883464,0.064453125,1.0000001,0.064453125,1.0,0.064453125,2.478913,0.064453125,2.4789128
0.06640625,-0.8577286,0.06640625,0.9999999,0.06640625,0.99999994,0.06640625,2.6016316,0.06640625,2.6016316
0.068359375,-0.9142098,0.068359375,1.0,0.068359375,0.99999994,0.068359375,2.72435,0.068359375,2.7243497
0.0703125,-0.95694035,0.0703125,1.0000001,0.0703125,1.0000001,0.0703125,2.8470683,0.0703125,2.8470683
0.072265625,-0.98527765,0.072265625,1.0000001,0.072265625,1.0,0.072265625,2.969787,0.072265625,2.9697866
0.07421875,-0.99879545,0.07421875,1.0,0.07421875,0.99999994,0.07421875,3.0925052,0.07421875,3.0925052
0.076171875,-0.99729043,0.076171875,1.0000001,0.076171875,0.99999994,0.076171875,-3.0679615,0.076171875,-3.0679615
0.078125,-0.98078525,0.078125,0.99999994,0.078125,0.9999999,0.078125,-2.9452431,0.078125,-2.9452431
0.080078125,-0.94952816,0.080078125,0.99999994,0.080078125,1.0,0.080078125,-2.8225245,0.080078125,-2.8225245
0.08203125,-0.9039893,0.08203125,0.99999994,0.08203125,1.0,0.08203125,-2.6998062,0.08203125,-2.6998062
0.083984375,-0.8448536,0.083984375,1.0,0.083984375,1.0,0.083984375,-2.5770879,0.083984375,-2.5770876
0.0859375,-0.77301043,0.0859375,1.0000001,0.0859375,0.99999994,0.0859375,-2.454369,0.0859375,-2.454369
0.087890625,-0.68954057,0.087890625,1.0,0.087890625,0.9999999,0.087890625,-2.3316507,0.087890625,-2.3316507
0.08984375,-0.5956993,0.08984375,1.0,0.08984375,0.9999998,0.08984375,-2.2089324,0.08984375,-2.2089324
0.091796875,-0.4928982,0.091796875,0.9999999,0.091796875,0.9999999,0.091796875,-2.0862138,0.091796875,-2.086214
0.09375,-0.38268343,0.09375,1.0,0.09375,1.0000002,0.09375,-1.9634954,0.09375,-1.9634954
0.095703125,-0.26671275,0.095703125,0.99999994,0.095703125,0.9999998,0.095703125,-1.8407769,0.095703125,-1.8407768
0.09765625,-0.14673047,0.09765625,0.99999994,0.09765625,0.99999994,0.09765625,-1.7180585,0.09765625,-1.7180586
0.099609375,-0.024541229,0.099609375,0.9999999,0.099609375,0.9999999,0.099609375,-1.59534,0.099609375,-1.59534
0.1015625,0.09801714,0.1015625,1.0000001,0.1015625,1.0,0.1015625,-1.4726217,0.1015625,-1.4726217
0.103515625,0.21910124,0.103515625,1.0000001,0.103515625,1.0000002,0.103515625,-1.3499031,0.103515625,-1.349903
0.10546875,0.33688986,0.10546875,1.0000001,0.10546875,0.99999994,0.10546875,-1.2271845,0.10546875,-1.2271845
0.107421875,0.44961134,0.107421875,0.99999994,0.107421875,1.0,0.107421875,-1.1044661,0.107421875,-1.1044661
0.109375,0.55557024,0.109375,0.9999999,0.109375,0.99999994,0.109375,-0.9817477,0.109375,-0.98174775
0.111328125,0.65317285,0.111328125,1.0,0.111328125,1.0000001,0.111328125,-0.85902935,0.111328125,-0.8590292
0.11328125,0.7409511,0.11328125,1.0,0.11328125,1.0,0.11328125,-0.73631084,0.11328125,-0.7363107
0.115234375,0.8175848,0.115234375,0.99999994,0.115234375,1.0000001,0.115234375,-0.6135923,0.115234375,-0.61359215
0.1171875,0.8819213,0.1171875,0.9999998,0.1171875,0.9999999,0.1171875,-0.49087387,0.1171875,-0.49087358
0.119140625,0.9329928,0.119140625,1.0,0.119140625,0.9999999,0.119140625,-0.36815548,0.119140625,-0.36815533
0.12109375,0.97003126,0.12109375,1.0000001,0.12109375,0.9999999,0.12109375,-0.245437,0.12109375,-0.2454369
0.123046875,0.99247956,0.123046875,0.99999994,0.123046875,1.0,0.123046875,-0.122718506,0.123046875,-0.12271846
0.125,1.0,0.125,1.0000001,0.125,0.99999994,0.125,1.1685819e-08,0.125,6.313091e-08
0.126953125,0.99247956,0.126953125,1.0,0.126953125,0.9999999,0.126953125,0.12271852,0.126953125,0.122718416
0.12890625,0.97003126,0.12890625,1.0,0.12890625,0.99999994,0.12890625,0.24543694,0.12890625,0.24543707
0.130859375,0.9329928,0.130859375,1.0,0.130859375,0.9999998,0.130859375,0.36815536,0.130859375,0.36815533
0.1328125,0.8819213,0.1328125,1.0000001,0.1328125,1.0000001,0.1328125,0.49087387,0.1328125,0.49087387
0.134765625,0.8175848,0.134765625,0.99999994,0.134765625,1.0,0.134765625,0.6135924,0.134765625,0.6135923
0.13671875,0.7409511,0.13671875,0.9999999,0.13671875,0.9999998,0.13671875,0.7363107,0.13671875,0.7363108
0.138671875,0.65317285,0.138671875,1.0,0.138671875,1.0,0.138671875,0.8590292,0.138671875,0.85902923
0.140625,0.55557024,0.140625,1.0,0.140625,0.99999994,0.140625,0.98174775,0.140625,0.98174775
0.142578125,0.44961134,0.142578125,1.0000001,0.142578125,0.9999999,0.142578125,1.1044662,0.142578125,1.1044662
0.14453125,0.33688986,0.14453125,1.0,0.14453125,1.0000001,0.14453125,1.2271848,0.14453125,1.2271845
0.146484375,0.21910124,0.146484375,0.99999994,0.146484375,1.0,0.146484375,1.3499031,0.146484375,1.3499032
0.1484375,0.09801714,0.1484375,1.0000001,0.1484375,0.9999999,0.1484375,1.4726217,0.1484375,1.4726216
0.150390625,-0.024541229,0.150390625,0.9999999,0.150390625,0.99999994,0.150390625,1.5953401,0.150390625,1.59534
0.15234375,-0.14673047,0.15234375,0.99999994,0.15234375,1.0,0.15234375,1.7180585,0.15234375,1.7180586
0.154296875,-0.26671275,0.154296875,0.9999999,0.154296875,0.9999999,0.154296875,1.8407769,0.154296875,1.8407769
0.15625,-0.38268343,0.15625,1.0,0.15625,1.0000001,0.15625,1.9634954,0.15625,1.9634953
0.158203125,-0.4928982,0.158203125,0.99999994,0.158203125,1.0000001,0.158203125,2.0862138,0.158203125,2.086214
0.16015625,-0.5956993,0.16015625,0.99999994,0.16015625,0.99999994,0.16015625,2.2089324,0.16015625,2.2089324
0.162109375,-0.68954057,0.162109375,1.0,0.162109375,1.0,0.162109375,2.3316507,0.162109375,2.3316507
0.1640625,-0.77301043,0.1640625,1.0000001,0.1640625,1.0,0.1640625,2.4543693,0.1640625,2.4543693
0.166015625,-0.8448536,0.166015625,1.0,0.166015625,1.0000001,0.166015625,2.5770876,0.166015625,2.5770876
0.16796875,-0.9039893,0.16796875,1.0000001,0.16796875,1.0,0.16796875,2.6998062,0.16796875,2.6998062
0.169921875,-0.94952816,0.169921875,0.99999994,0.169921875,1.0,0.169921875,2.8225248,0.169921875,2.8225248
0.171875,-0.98078525,0.171875,0.9999998,0.171875,0.9999999,0.171875,2.9452434,0.171875,2.9452431
0.173828125,-0.99729043,0.173828125,0.9999999,0.173828125,1.0,0.173828125,3.0679615,0.173828125,3.0679617
0.17578125,-0.99879545,0.17578125,0.9999999,0.17578125,1.0,0.17578125,-3.0925052,0.17578125,-3.0925052
0.177734375,-0.98527765,0.177734375,1.0000001,0.177734375,1.0,0.177734375,-2.9697866,0.177734375,-2.9697866
0.1796875,-0.95694035,0.1796875,0.99999994,0.1796875,1.0,0.1796875,-2.8470683,0.1796875,-2.8470683
0.181640625,-0.9142098,0.181640625,0.9999999,0.181640625,0.9999999,0.181640625,-2.72435,0.181640625,-2.7243497
0.18359375,-0.8577286,0.18359375,1.0,0.18359375,0.9999999,0.18359375,-2.6016314,0.18359375,-2.6016314
0.185546875,-0.7883464,0.185546875,0.9999999,0.185546875,1.0000001,0.185546875,-2.478913,0.185546875,-2.4789128
0.1875,-0.70710677,0.1875,0.99999994,0.1875,0.9999999,0.1875,-2.3561945,0.1875,-2.3561943
0.189453125,-0.6152316,0.189453125,1.0,0.189453125,0.9999999,0.189453125,-2.2334762,0.189453125,-2.2334762
0.19140625,-0.51410276,0.19140625,0.9999999,0.19140625,1.0,0.19140625,-2.1107574,0.19140625,-2.1107576
0.193359375,-0.4052413,0.193359375,0.9999999,0.193359375,0.99999994,0.193359375,-1.9880391,0.193359375,-1.9880391
0.1953125,-0.29028466,0.1953125,1.0000001,0.1953125,1.0000001,0.1953125,-1.8653207,0.1953125,-1.8653207
0.197265625,-0.17096189,0.197265625,1.0000001,0.197265625,1.0,0.197265625,-1.7426021,0.197265625,-1.7426021
0.19921875,-0.049067676,0.19921875,0.9999999,0.19921875,0.9999998,0.19921875,-1.6198837,0.19921875,-1.6198837
0.201171875,0.07356457,0.201171875,0.99999994,0.201171875,0.99999994,0.201171875,-1.4971653,0.201171875,-1.4971653
0.203125,0.19509032,0.203125,0.99999994,0.203125,1.0,0.203125,-1.3744469,0.203125,-1.3744467
0.205078125,0.31368175,0.205078125,1.0000001,0.205078125,1.0,0.205078125,-1.2517283,0.205078125,-1.2517282
0.20703125,0.42755508,0.20703125,1.0000001,0.20703125,1.0,0.20703125,-1.1290098,0.20703125,-1.12901
0.208984375,0.53499764,0.208984375,0.99999994,0.208984375,1.0000001,0.208984375,-1.0062913,0.208984375,-1.0062912
0.2109375,0.6343933,0.2109375,1.0,0.2109375,0.9999999,0.2109375,-0.8835728,0.2109375,-0.8835727
0.212890625,0.7242471,0.212890625,1.0000001,0.212890625,0.9999998,0.212890625,-0.7608545,0.212890625,-0.7608544
0.21484375,0.8032075,0.21484375,1.0,0.21484375,0.9999999,0.21484375,-0.638136,0.21484375,-0.638136
0.216796875,0.87008697,0.216796875,0.9999999,0.216796875,1.0,0.216796875,-0.5154176,0.216796875,-0.51541764
0.21875,0.9238795,0.21875,1.0,0.21875,1.0,0.21875,-0.3926991,0.21875,-0.39269915
0.220703125,0.96377605,0.220703125,0.99999994,0.220703125,1.0,0.220703125,-0.26998058,0.220703125,-0.26998073
0.22265625,0.9891765,0.22265625,0.99999994,0.22265625,1.0,0.22265625,-0.14726216,0.22265625,-0.14726213
0.224609375,0.9996988,0.224609375,0.9999999,0.224609375,1.0,0.224609375,-0.02454372,0.224609375,-0.024543783
0.2265625,0.9951847,0.2265625,1.0000001,0.2265625,1.0000002,0.2265625,0.098174855,0.2265625,0.098174885
0.228515625,0.9757021,0.228515625,0.9999999,0.228515625,0.99999994,0.228515625,0.22089326,0.228515625,0.2208933
0.23046875,0.94154406,0.23046875,0.9999999,0.23046875,1.0,0.23046875,0.34361166,0.23046875,0.3436117
0.232421875,0.8932243,0.232421875,1.0,0.232421875,1.0,0.232421875,0.46633008,0.232421875,0.4663302
0.234375,0.8314696,0.234375,1.0,0.234375,1.0,0.234375,0.58904874,0.234375,0.5890487
0.236328125,0.7572088,0.236328125,0.99999994,0.236328125,0.9999999,0.236328125,0.7117671,0.236328125,0.7117671
0.23828125,0.671559,0.23828125,0.9999999,0.23828125,1.0,0.23828125,0.8344854,0.23828125,0.8344855
0.240234375,0.57580817,0.240234375,1.0,0.240234375,1.0000001,0.240234375,0.9572041,0.240234375,0.9572042
0.2421875,0.47139674,0.2421875,0.9999998,0.2421875,1.0,0.2421875,1.0799226,0.2421875,1.0799226
0.244140625,0.35989505,0.244140625,1.0,0.244140625,1.0,0.244140625,1.202641,0.244140625,1.202641
0.24609375,0.24298018,0.24609375,0.99999994,0.24609375,0.9999999,0.24609375,1.3253595,0.24609375,1.3253595
0.248046875,0.12241068,0.248046875,0.9999998,0.248046875,1.0,0.248046875,1.4480779,0.248046875,1.4480778
0.25,6.123234e-16,0.25,0.99999994,0.25,1.0,0.25,1.5707964,0.25,1.5707964
0.251953125,-0.12241068,0.251953125,0.99999994,0.251953125,0.99999994,0.251953125,1.6935147,0.251953125,1.6935148
0.25390625,-0.24298018,0.25390625,1.0,0.25390625,0.9999999,0.25390625,1.8162332,0.25390625,1.8162333
0.255859375,-0.35989505,0.255859375,1.0,0.255859375,0.99999994,0.255859375,1.9389516,0.255859375,1.9389516
0.2578125,-0.47139674,0.2578125,1.0,0.2578125,1.0,0.2578125,2.0616703,0.2578125,2.0616703
0.259765625,-0.57580817,0.259765625,1.0,0.259765625,1.0000001,0.259765625,2.1843886,0.259765625,2.1843886
0.26171875,-0.671559,0.26171875,1.0000001,0.26171875,0.99999994,0.26171875,2.3071072,0.26171875,2.3071072
0.263671875,-0.7572088,0.263671875,0.9999999,0.263671875,1.0,0.263671875,2.4298258,0.263671875,2.4298255
0.265625,-0.8314696,0.265625,0.9999999,0.265625,1.0,0.265625,2.552544,0.265625,2.552544
0.267578125,-0.8932243,0.267578125,1.0,0.267578125,0.99999994,0.267578125,2.6752625,0.267578125,2.6752625
0.26953125,-0.94154406,0.26953125,1.0,0.26953125,0.99999994,0.26953125,2.7979808,0.26953125,2.797981
0.271484375,-0.9757021,0.271484375,0.99999994,0.271484375,1.0,0.271484375,2.9206996,0.271484375,2.9206994
0.2734375,-0.9951847,0.2734375,1.0,0.2734375,1.0,0.2734375,3.043418,0.2734375,3.0434182
0.275390625,-0.9996988,0.275390625,0.9999999,0.275390625,0.9999998,0.275390625,-3.117049,0.275390625,-3.117049
0.27734375,-0.9891765,0.27734375,0.99999994,0.27734375,0.9999999,0.27734375,-2.9943304,0.27734375,-2.9943304
0.279296875,-0.96377605,0.279296875,0.9999999,0.279296875,0.99999994,0.279296875,-2.871612,0.279296875,-2.871612
0.28125,-0.9238795,0.28125,1.0,0.28125,1.0000001,0.28125,-2.7488935,0.28125,-2.7488935
0.283203125,-0.87008697,0.283203125,0.99999994,0.283203125,0.9999998,0.283203125,-2.6261752,0.283203125,-2.6261754
0.28515625,-0.8032075,0.28515625,0.99999994,0.28515625,1.0000001,0.28515625,-2.5034566,0.28515625,-2.5034568
0.287109375,-0.7242471,0.287109375,1.0000001,0.287109375,0.9999999,0.287109375,-2.3807383,0.287109375,-2.3807383
0.2890625,-0.6343933,0.2890625,1.0000001,0.2890625,1.0000002,0.2890625,-2.2580197,0.2890625,-2.25802
0.291015625,-0.53499764,0.291015625,0.99999994,0.291015625,1.0,0.291015625,-2.135301,0.291015625,-2.135301
0.29296875,-0.42755508,0.29296875,0.9999999,0.29296875,0.99999994,0.29296875,-2.0125828,0.29296875,-2.0125828
0.294921875,-0.31368175,0.294921875,0.9999998,0.294921875,1.0,0.294921875,-1.8898643,0.294921875,-1.8898643
0.296875,-0.19509032,0.296875,1.0000001,0.296875,1.0,0.296875,-1.7671458,0.296875,-1.7671459
0.298828125,-0.07356457,0.298828125,1.0,0.298828125,0.99999994,0.298828125,-1.6444273,0.298828125,-1.6444273
0.30078125,0.049067676,0.30078125,0.9999999,0.30078125,1.0,0.30078125,-1.521709,0.30078125,-1.521709
0.302734375,0.17096189,0.302734375,1.0000001,0.302734375,1.0,0.302734375,-1.3989905,0.302734375,-1.3989904
0.3046875,0.29028466,0.3046875,0.99999994,0.3046875,0.9999998,0.3046875,-1.2762719,0.3046875,-1.2762719
0.306640625,0.4052413,0.306640625,1.0,0.306640625,0.99999994,0.306640625,-1.1535536,0.306640625,-1.1535535
0.30859375,0.51410276,0.30859375,1.0000001,0.30859375,0.9999999,0.30859375,-1.030835,0.30859375,-1.030835
0.310546875,0.6152316,0.310546875,0.99999994,0.310546875,1.0,0.310546875,-0.9081166,0.310546875,-0.9081165
0.3125,0.70710677,0.3125,0.99999994,0.3125,0.9999999,0.3125,-0.7853982,0.3125,-0.7853982
0.314453125,0.7883464,0.314453125,1.0000001,0.314453125,1.0,0.314453125,-0.6626796,0.314453125,-0.66267973
0.31640625,0.8577286,0.31640625,0.9999999,0.31640625,0.99999994,0.31640625,-0.53996116,0.31640625,-0.53996116
0.318359375,0.9142098,0.318359375,1.0,0.318359375,0.99999994,0.318359375,-0.41724277,0.318359375,-0.41724288
0.3203125,0.95694035,0.3203125,1.0000001,0.3203125,1.0000001,0.3203125,-0.29452428,0.3203125,-0.29452425
0.322265625,0.98527765,0.322265625,1.0000001,0.322265625,1.0,0.322265625,-0.17180581,0.322265625,-0.1718059
0.32421875,0.99879545,0.32421875,1.0,0.32421875,0.99999994,0.32421875,-0.04908741,0.32421875,-0.049087334
0.326171875,0.99729043,0.326171875,1.0000001,0.326171875,0.99999994,0.326171875,0.073631145,0.326171875,0.07363109
0.328125,0.98078525,0.328125,0.99999994,0.328125,0.9999999,0.328125,0.19634959,0.328125,0.19634958
0.330078125,0.94952816,0.330078125,0.99999994,0.330078125,1.0,0.330078125,0.31906807,0.330078125,0.31906804
0.33203125,0.9039893,0.33203125,0.99999994,0.33203125,1.0,0.33203125,0.44178647,0.33203125,0.44178647
0.333984375,0.8448536,0.333984375,1.0,0.333984375,1.0,0.333984375,0.5645049,0.333984375,0.56450504
0.3359375,0.77301043,0.3359375,1.0000001,0.3359375,0.99999994,0.3359375,0.6872236,0.3359375,0.68722355
0.337890625,0.68954057,0.337890625,1.0,0.337890625,0.9999999,0.337890625,0.80994195,0.337890625,0.809942
0.33984375,0.5956993,0.33984375,1.0,0.33984375,0.9999998,0.33984375,0.93266034,0.33984375,0.9326604
0.341796875,0.4928982,0.341796875,0.9999999,0.341796875,0.9999999,0.341796875,1.0553788,0.341796875,1.0553787
0.34375,0.38268343,0.34375,1.0,0.34375,1.0000002,0.34375,1.1780972,0.34375,1.1780972
0.345703125,0.26671275,0.345703125,0.99999994,0.345703125,0.9999998,0.345703125,1.3008157,0.345703125,1.3008158
0.34765625,0.14673047,0.34765625,0.99999994,0.34765625,0.99999994,0.34765625,1.4235342,0.34765625,1.423534
0.349609375,0.024541229,0.349609375,0.9999999,0.349609375,0.9999999,0.349609375,1.5462526,0.349609375,1.5462526
0.3515625,-0.09801714,0.3515625,1.0000001,0.3515625,1.0,0.3515625,1.668971,0.3515625,1.668971
0.353515625,-0.21910124,0.353515625,1.0000001,0.353515625,1.0000002,0.353515625,1.7916895,0.353515625,1.7916896
0.35546875,-0.33688986,0.35546875,1.0000001,0.35546875,0.99999994,0.35546875,1.9144081,0.35546875,1.9144081
0.357421875,-0.44961134,0.357421875,0.99999994,0.357421875,1.0,0.357421875,2.0371265,0.357421875,2.0371265
0.359375,-0.55557024,0.359375,0.9999999,0.359375,0.99999994,0.359375,2.1598449,0.359375,2.1598449
0.361328125,-0.65317285,0.361328125,1.0,0.361328125,1.0000001,0.361328125,2.2825632,0.361328125,2.2825634
0.36328125,-0.7409511,0.36328125,1.0,0.36328125,1.0,0.36328125,2.4052818,0.36328125,2.405282
0.365234375,-0.8175848,0.365234375,0.99999994,0.365234375,1.0000001,0.365234375,2.5280004,0.365234375,2.5280006
0.3671875,-0.8819213,0.3671875,0.9999998,0.3671875,0.9999999,0.3671875,2.6507187,0.3671875,2.6507192
0.369140625,-0.9329928,0.369140625,1.0,0.369140625,0.9999999,0.369140625,2.7734373,0.369140625,2.7734373
0.37109375,-0.97003126,0.37109375,1.0000001,0.37109375,0.9999999,0.37109375,2.8961556,0.37109375,2.8961558
0.373046875,-0.99247956,0.373046875,0.99999994,0.373046875,1.0,0.373046875,3.0188742,0.373046875,3.0188742
0.375,-1.0,0.375,1.0000001,0.375,0.99999994,0.375,-3.1415927,0.375,-3.1415925
0.376953125,-0.99247956,0.376953125,1.0,0.376953125,0.9999999,0.376953125,-3.0188742,0.376953125,-3.0188742
0.37890625,-0.97003126,0.37890625,1.0,0.37890625,0.99999994,0.37890625,-2.8961558,0.37890625,-2.8961556
0.380859375,-0.9329928,0.380859375,1.0,0.380859375,0.9999998,0.380859375,-2.7734373,0.380859375,-2.7734373
0.3828125,-0.8819213,0.3828125,1.0000001,0.3828125,1.0000001,0.3828125,-2.6507187,0.3828125,-2.6507187
0.384765625,-0.8175848,0.384765625,0.99999994,0.384765625,1.0,0.384765625,-2.5280004,0.384765625,-2.5280004
0.38671875,-0.7409511,0.38671875,0.9999999,0.38671875,0.9999998,0.38671875,-2.405282,0.38671875,-2.405282
0.388671875,-0.65317285,0.388671875,1.0,0.388671875,1.0,0.388671875,-2.2825634,0.388671875,-2.2825634
0.390625,-0.55557024,0.390625,1.0,0.390625,0.99999994,0.390625,-2.1598449,0.390625,-2.1598449
0.392578125,-0.44961134,0.392578125,1.0000001,0.392578125,0.9999999,0.392578125,-2.0371265,0.392578125,-2.0371265
0.39453125,-0.33688986,0.39453125,1.0,0.39453125,1.0000001,0.39453125,-1.9144078,0.39453125,-1.9144081
0.396484375,-0.21910124,0.396484375,0.99999994,0.396484375,1.0,0.396484375,-1.7916895,0.396484375,-1.7916894
0.3984375,-0.09801714,0.3984375,1.0000001,0.3984375,0.9999999,0.3984375,-1.668971,0.3984375,-1.6689711
0.400390625,0.024541229,0.400390625,0.9999999,0.400390625,0.99999994,0.400390625,-1.5462525,0.400390625,-1.5462526
0.40234375,0.14673047,0.40234375,0.99999994,0.40234375,1.0,0.40234375,-1.4235342,0.40234375,-1.423534
0.404296875,0.26671275,0.404296875,0.9999999,0.404296875,0.9999999,0.404296875,-1.3008157,0.404296875,-1.3008157
0.40625,0.38268343,0.40625,1.0,0.40625,1.0000001,0.40625,-1.1780972,0.40625,-1.1780974
0.408203125,0.4928982,0.408203125,0.99999994,0.408203125,1.0000001,0.408203125,-1.0553788,0.408203125,-1.0553787
0.41015625,0.5956993,0.41015625,0.99999994,0.41015625,0.99999994,0.41015625,-0.93266034,0.41015625,-0.93266034
0.412109375,0.68954057,0.412109375,1.0,0.412109375,1.0,0.412109375,-0.8099418,0.412109375,-0.8099418
0.4140625,0.77301043,0.4140625,1.0000001,0.4140625,1.0,0.4140625,-0.68722343,0.4140625,-0.68722343
0.416015625,0.8448536,0.416015625,1.0,0.416015625,1.0000001,0.416015625,-0.564505,0.416015625,-0.564505
0.41796875,0.9039893,0.41796875,1.0000001,0.41796875,1.0,0.41796875,-0.44178647,0.41796875,-0.44178635
0.419921875,0.94952816,0.419921875,0.99999994,0.419921875,1.0,0.419921875,-0.31906796,0.419921875,-0.31906793
0.421875,0.98078525,0.421875,0.9999998,0.421875,0.9999999,0.421875,-0.19634938,0.421875,-0.1963495
0.423828125,0.99729043,0.423828125,0.9999999,0.423828125,1.0,0.423828125,-0.073631115,0.423828125,-0.073631056
0.42578125,0.99879545,0.42578125,0.9999999,0.42578125,1.0,0.42578125,0.049087323,0.42578125,0.049087405
0.427734375,0.98527765,0.427734375,1.0000001,0.427734375,1.0,0.427734375,0.17180589,0.427734375,0.1718059
0.4296875,0.95694035,0.4296875,0.99999994,0.4296875,1.0,0.4296875,0.29452434,0.4296875,0.29452446
0.431640625,0.9142098,0.431640625,0.9999999,0.431640625,0.9999999,0.431640625,0.4172428,0.431640625,0.41724294
0.43359375,0.8577286,0.43359375,1.0,0.43359375,0.9999999,0.43359375,0.5399613,0.43359375,0.53996134
0.435546875,0.7883464,0.435546875,0.9999999,0.435546875,1.0000001,0.435546875,0.66267955,0.435546875,0.66267973
0.4375,0.70710677,0.4375,0.99999994,0.4375,0.9999999,0.4375,0.7853982,0.4375,0.78539836
0.439453125,0.6152316,0.439453125,1.0,0.439453125,0.9999999,0.439453125,0.9081166,0.439453125,0.90811664
0.44140625,0.51410276,0.44140625,0.9999999,0.44140625,1.0,0.44140625,1.0308352,0.44140625,1.030835
0.443359375,0.4052413,0.443359375,0.9999999,0.443359375,0.99999994,0.443359375,1.1535535,0.443359375,1.1535535
0.4453125,0.29028466,0.4453125,1.0000001,0.4453125,1.0000001,0.4453125,1.2762719,0.4453125,1.2762719
0.447265625,0.17096189,0.447265625,1.0000001,0.447265625,1.0,0.447265625,1.3989905,0.447265625,1.3989905
0.44921875,0.049067676,0.44921875,0.9999999,0.44921875,0.9999998,0.44921875,1.521709,0.44921875,1.521709
0.451171875,-0.07356457,0.451171875,0.99999994,0.451171875,0.99999994,0.451171875,1.6444273,0.451171875,1.6444273
0.453125,-0.19509032,0.453125,0.99999994,0.453125,1.0,0.453125,1.7671458,0.453125,1.7671459
0.455078125,-0.31368175,0.455078125,1.0000001,0.455078125,1.0,0.455078125,1.8898643,0.455078125,1.8898644
0.45703125,-0.42755508,0.45703125,1.0000001,0.45703125,1.0,0.45703125,2.0125828,0.45703125,2.0125828
0.458984375,-0.53499764,0.458984375,0.99999994,0.458984375,1.0000001,0.458984375,2.1353014,0.458984375,2.1353016
0.4609375,-0.6343933,0.4609375,1.0,0.4609375,0.9999999,0.4609375,2.25802,0.4609375,2.25802
0.462890625,-0.7242471,0.462890625,1.0000001,0.462890625,0.9999998,0.462890625,2.3807383,0.462890625,2.3807383
0.46484375,-0.8032075,0.46484375,1.0,0.46484375,0.9999999,0.46484375,2.5034566,0.46484375,2.5034566
0.466796875,-0.87008697,0.466796875,0.9999999,0.466796875,1.0,0.466796875,2.6261752,0.466796875,2.626175
0.46875,-0.9238795,0.46875,1.0,0.46875,1.0,0.46875,2.7488935,0.46875,2.7488935
0.470703125,-0.96377605,0.470703125,0.99999994,0.470703125,1.0,0.470703125,2.871612,0.470703125,2.8716118
0.47265625,-0.9891765,0.47265625,0.99999994,0.47265625,1.0,0.47265625,2.9943304,0.47265625,2.9943304
0.474609375,-0.9996988,0.474609375,0.9999999,0.474609375,1.0,0.474609375,3.117049,0.474609375,3.117049
0.4765625,-0.9951847,0.4765625,1.0000001,0.4765625,1.0000002,0.4765625,-3.0434177,0.4765625,-3.0434177
0.478515625,-0.9757021,0.478515625,0.9999999,0.478515625,0.99999994,0.478515625,-2.9206994,0.478515625,-2.9206994
0.48046875,-0.94154406,0.48046875,0.9999999,0.48046875,1.0,0.48046875,-2.797981,0.48046875,-2.797981
0.482421875,-0.8932243,0.482421875,1.0,0.482421875,1.0,0.482421875,-2.6752625,0.482421875,-2.6752625
0.484375,-0.8314696,0.484375,1.0,0.484375,1.0,0.484375,-2.5525439,0.484375,-2.552544
0.486328125,-0.7572088,0.486328125,0.99999994,0.486328125,0.9999999,0.486328125,-2.4298255,0.486328125,-2.4298255
0.48828125,-0.671559,0.48828125,0.9999999,0.48828125,1.0,0.48828125,-2.3071072,0.48828125,-2.3071072
0.490234375,-0.57580817,0.490234375,1.0,0.490234375,1.0000001,0.490234375,-2.1843886,0.490234375,-2.1843884
0.4921875,-0.47139674,0.4921875,0.9999998,0.4921875,1.0,0.4921875,-2.06167,0.4921875,-2.06167
0.494140625,-0.35989505,0.494140625,1.0,0.494140625,1.0,0.494140625,-1.9389516,0.494140625,-1.9389516
0.49609375,-0.24298018,0.49609375,0.99999994,0.49609375,0.9999999,0.49609375,-1.8162332,0.49609375,-1.8162332
0.498046875,-0.12241068,0.498046875,0.9999998,0.498046875,1.0,0.498046875,-1.6935147,0.498046875,-1.6935148
0.5,-1.2246468e-15,0.5,0.99999994,0.5,1.0,0.5,-1.5707963,0.5,-1.5707963
0.501953125,0.12241068,0.501953125,0.99999994,0.501953125,0.99999994,0.501953125,-1.4480779,0.501953125,-1.4480778
0.50390625,0.24298018,0.50390625,1.0,0.50390625,0.9999999,0.50390625,-1.3253595,0.50390625,-1.3253593
0.505859375,0.35989505,0.505859375,1.0,0.505859375,0.99999994,0.505859375,-1.202641,0.505859375,-1.202641
0.5078125,0.47139674,0.5078125,1.0,0.5078125,1.0,0.5078125,-1.0799224,0.5078125,-1.0799224
0.509765625,0.57580817,0.509765625,1.0,0.509765625,1.0000001,0.509765625,-0.9572041,0.509765625,-0.95720404
0.51171875,0.671559,0.51171875,1.0000001,0.51171875,0.99999994,0.51171875,-0.8344855,0.51171875,-0.8344855
0.513671875,0.7572088,0.513671875,0.9999999,0.513671875,1.0,0.513671875,-0.711767,0.513671875,-0.71176714
0.515625,0.8314696,0.515625,0.9999999,0.515625,1.0,0.515625,-0.5890486,0.515625,-0.5890487
0.517578125,0.8932243,0.517578125,1.0,0.517578125,0.99999994,0.517578125,-0.4663301,0.517578125,-0.46633008
0.51953125,0.94154406,0.51953125,1.0,0.51953125,0.99999994,0.51953125,-0.34361175,0.51953125,-0.34361172
0.521484375,0.9757021,0.521484375,0.99999994,0.521484375,1.0,0.521484375,-0.22089317,0.521484375,-0.22089319
0.5234375,0.9951847,0.5234375,1.0,0.5234375,1.0,0.5234375,-0.09817468,0.5234375,-0.098174565
0.525390625,0.9996988,0.525390625,0.9999999,0.525390625,0.9999998,0.525390625,0.024543747,0.525390625,0.024543768
0.52734375,0.9891765,0.52734375,0.99999994,0.52734375,0.9999999,0.52734375,0.14726214,0.52734375,0.14726219
0.529296875,0.96377605,0.529296875,0.9999999,0.529296875,0.99999994,0.529296875,0.26998058,0.529296875,0.26998058
0.53125,0.9238795,0.53125,1.0,0.53125,1.0000001,0.53125,0.3926991,0.53125,0.39269915
0.533203125,0.87008697,0.533203125,0.99999994,0.533203125,0.9999998,0.533203125,0.5154176,0.533203125,0.5154174
0.53515625,0.8032075,0.53515625,0.99999994,0.53515625,1.0000001,0.53515625,0.638136,0.53515625,0.63813585
0.537109375,0.7242471,0.537109375,1.0000001,0.537109375,0.9999999,0.537109375,0.76085436,0.537109375,0.7608544
0.5390625,0.6343933,0.5390625,1.0000001,0.5390625,1.0000002,0.5390625,0.883573,0.5390625,0.8835729
0.541015625,0.53499764,0.541015625,0.99999994,0.541015625,1.0,0.541015625,1.0062915,0.541015625,1.0062916
0.54296875,0.42755508,0.54296875,0.9999999,0.54296875,0.99999994,0.54296875,1.12901,0.54296875,1.1290098
0.544921875,0.31368175,0.544921875,0.9999998,0.544921875,1.0,0.544921875,1.2517283,0.544921875,1.2517283
0.546875,0.19509032,0.546875,1.0000001,0.546875,1.0,0.546875,1.3744469,0.546875,1.3744467
0.548828125,0.07356457,0.548828125,1.0,0.548828125,0.99999994,0.548828125,1.4971653,0.548828125,1.4971653
0.55078125,-0.049067676,0.55078125,0.9999999,0.55078125,1.0,0.55078125,1.6198837,0.55078125,1.6198837
0.552734375,-0.17096189,0.552734375,1.0000001,0.552734375,1.0,0.552734375,1.7426021,0.552734375,1.7426022
0.5546875,-0.29028466,0.5546875,0.99999994,0.5546875,0.9999998,0.5546875,1.8653207,0.5546875,1.8653207
0.556640625,-0.4052413,0.556640625,1.0,0.556640625,0.99999994,0.556640625,1.988039,0.556640625,1.9880391
0.55859375,-0.51410276,0.55859375,1.0000001,0.55859375,0.9999999,0.55859375,2.1107576,0.55859375,2.1107576
0.560546875,-0.6152316,0.560546875,0.99999994,0.560546875,1.0,0.560546875,2.2334762,0.560546875,2.2334762
0.5625,-0.70710677,0.5625,0.99999994,0.5625,0.9999999,0.5625,2.3561945,0.5625,2.3561945
0.564453125,-0.7883464,0.564453125,1.0000001,0.564453125,1.0,0.564453125,2.478913,0.564453125,2.4789128
0.56640625,-0.8577286,0.56640625,0.9999999,0.56640625,0.99999994,0.56640625,2.6016316,0.56640625,2.6016316
0.568359375,-0.9142098,0.568359375,1.0,0.568359375,0.99999994,0.568359375,2.72435,0.568359375,2.7243497
0.5703125,-0.95694035,0.5703125,1.0000001,0.5703125,1.0000001,0.5703125,2.8470683,0.5703125,2.8470683
0.572265625,-0.98527765,0.572265625,1.0000001,0.572265625,1.0,0.572265625,2.969787,0.572265625,2.9697866
0.57421875,-0.99879545,0.57421875,1.0,0.57421875,0.99999994,0.57421875,3.0925052,0.57421875,3.0925052
0.576171875,-0.99729043,0.576171875,1.0000001,0.576171875,0.99999994,0.576171875,-3.0679615,0.576171875,-3.0679615
0.578125,-0.98078525,0.578125,0.99999994,0.578125,0.9999999,0.578125,-2.9452431,0.578125,-2.9452431
0.580078125,-0.94952816,0.580078125,0.99999994,0.580078125,1.0,0.580078125,-2.8225245,0.580078125,-2.8225245
0.58203125,-0.9039893,0.58203125,0.99999994,0.58203125,1.0,0.58203125,-2.6998062,0.58203125,-2.6998062
0.583984375,-0.8448536,0.583984375,1.0,0.583984375,1.0,0.583984375,-2.5770879,0.583984375,-2.5770876
0.5859375,-0.77301043,0.5859375,1.0000001,0.5859375,0.99999994,0.5859375,-2.454369,0.5859375,-2.454369
0.587890625,-0.68954057,0.587890625,1.0,0.587890625,0.9999999,0.587890625,-2.3316507,0.587890625,-2.3316507
0.58984375,-0.5956993,0.58984375,1.0,0.58984375,0.9999998,0.58984375,-2.2089324,0.58984375,-2.2089324
0.591796875,-0.4928982,0.591796875,0.9999999,0.591796875,0.9999999,0.591796875,-2.0862138,0.591796875,-2.086214
0.59375,-0.38268343,0.59375,1.0,0.59375,1.0000002,0.59375,-1.9634954,0.59375,-1.9634954
0.595703125,-0.26671275,0.595703125,0.99999994,0.595703125,0.9999998,0.595703125,-1.8407769,0.595703125,-1.8407768
0.59765625,-0.14673047,0.59765625,0.99999994,0.59765625,0.99999994,0.59765625,-1.7180585,0.59765625,-1.7180586
0.599609375,-0.024541229,0.599609375,0.9999999,0.599609375,0.9999999,0.599609375,-1.59534,0.599609375,-1.59534
0.6015625,0.09801714,0.6015625,1.0000001,0.6015625,1.0,0.6015625,-1.4726217,0.6015625,-1.4726217
0.603515625,0.21910124,0.603515625,1.0000001,0.603515625,1.0000002,0.603515625,-1.3499031,0.603515625,-1.349903
0.60546875,0.33688986,0.60546875,1.0000001,0.60546875,0.99999994,0.60546875,-1.2271845,0.60546875,-1.2271845
0.607421875,0.44961134,0.607421875,0.99999994,0.607421875,1.0,0.607421875,-1.1044661,0.607421875,-1.1044661
0.609375,0.55557024,0.609375,0.9999999,0.609375,0.99999994,0.609375,-0.9817477,0.609375,-0.98174775
0.611328125,0.65317285,0.611328125,1.0,0.611328125,1.0000001,0.611328125,-0.85902935,0.611328125,-0.8590292
0.61328125,0.7409511,0.61328125,1.0,0.61328125,1.0,0.61328125,-0.73631084,0.61328125,-0.7363107
0.615234375,0.8175848,0.615234375,0.99999994,0.615234375,1.0000001,0.615234375,-0.6135923,0.615234375,-0.61359215
0.6171875,0.8819213,0.6171875,0.9999998,0.6171875,0.9999999,0.6171875,-0.49087387,0.6171875,-0.49087358
0.619140625,0.9329928,0.619140625,1.0,0.619140625,0.9999999,0.619140625,-0.36815548,0.619140625,-0.36815533
0.62109375,0.97003126,0.62109375,1.0000001,0.62109375,0.9999999,0.62109375,-0.245437,0.62109375,-0.2454369
0.623046875,0.99247956,0.623046875,0.99999994,0.623046875,1.0,0.623046875,-0.122718506,0.623046875,-0.12271846
0.625,1.0,0.625,1.0000001,0.625,0.99999994,0.625,1.1685819e-08,0.625,6.313091e-08
0.626953125,0.99247956,0.626953125,1.0,0.626953125,0.9999999,0.626953125,0.12271852,0.626953125,0.122718416
0.62890625,0.97003126,0.62890625,1.0,0.62890625,0.99999994,0.62890625,0.24543694,0.62890625,0.24543707
0.630859375,0.9329928,0.630859375,1.0,0.630859375,0.9999998,0.630859375,0.36815536,0.630859375,0.36815533
0.6328125,0.8819213,0.6328125,1.0000001,0.6328125,1.0000001,0.6328125,0.49087387,0.6328125,0.49087387
0.634765625,0.8175848,0.634765625,0.99999994,0.634765625,1.0,0.634765625,0.6135924,0.634765625,0.6135923
0.63671875,0.7409511,0.63671875,0.9999999,0.63671875,0.9999998,0.63671875,0.7363107,0.63671875,0.7363108
0.638671875,0.65317285,0.638671875,1.0,0.638671875,1.0,0.638671875,0.8590292,0.638671875,0.85902923
0.640625,0.55557024,0.640625,1.0,0.640625,0.99999994,0.640625,0.98174775,0.640625,0.98174775
0.642578125,0.44961134,0.642578125,1.0000001,0.642578125,0.9999999,0.642578125,1.1044662,0.642578125,1.1044662
0.64453125,0.33688986,0.64453125,1.0,0.64453125,1.0000001,0.64453125,1.2271848,0.64453125,1.2271845
0.646484375,0.21910124,0.646484375,0.99999994,0.646484375,1.0,0.646484375,1.3499031,0.646484375,1.3499032
0.6484375,0.09801714,0.6484375,1.0000001,0.6484375,0.9999999,0.6484375,1.4726217,0.6484375,1.4726216
0.650390625,-0.024541229,0.650390625,0.9999999,0.650390625,0.99999994,0.650390625,1.5953401,0.650390625,1.59534
0.65234375,-0.14673047,0.65234375,0.99999994,0.65234375,1.0,0.65234375,1.7180585,0.65234375,1.7180586
0.654296875,-0.26671275,0.654296875,0.9999999,0.654296875,0.9999999,0.654296875,1.8407769,0.654296875,1.8407769
0.65625,-0.38268343,0.65625,1.0,0.65625,1.0000001,0.65625,1.9634954,0.65625,1.9634953
0.658203125,-0.4928982,0.658203125,0.99999994,0.658203125,1.0000001,0.658203125,2.0862138,0.658203125,2.086214
0.66015625,-0.5956993,0.66015625,0.99999994,0.66015625,0.99999994,0.66015625,2.2089324,0.66015625,2.2089324
0.662109375,-0.68954057,0.662109375,1.0,0.662109375,1.0,0.662109375,2.3316507,0.662109375,2.3316507
0.6640625,-0.77301043,0.6640625,1.0000001,0.6640625,1.0,0.6640625,2.4543693,0.6640625,2.4543693
0.666015625,-0.8448536,0.666015625,1.0,0.666015625,1.0000001,0.666015625,2.5770876,0.666015625,2.5770876
0.66796875,-0.9039893,0.66796875,1.0000001,0.66796875,1.0,0.66796875,2.6998062,0.66796875,2.6998062
0.669921875,-0.94952816,0.669921875,0.99999994,0.669921875,1.0,0.669921875,2.8225248,0.669921875,2.8225248
0.671875,-0.98078525,0.671875,0.9999998,0.671875,0.9999999,0.671875,2.9452434,0.671875,2.9452431
0.673828125,-0.99729043,0.673828125,0.9999999,0.673828125,1.0,0.673828125,3.0679615,0.673828125,3.0679617
0.67578125,-0.99879545,0.67578125,0.9999999,0.67578125,1.0,0.67578125,-3.0925052,0.67578125,-3.0925052
0.677734375,-0.98527765,0.677734375,1.0000001,0.677734375,1.0,0.677734375,-2.9697866,0.677734375,-2.9697866
0.6796875,-0.95694035,0.6796875,0.99999994,0.6796875,1.0,0.6796875,-2.8470683,0.6796875,-2.8470683
0.681640625,-0.9142098,0.681640625,0.9999999,0.681640625,0.9999999,0.681640625,-2.72435,0.681640625,-2.7243497
0.68359375,-0.8577286,0.68359375,1.0,0.68359375,0.9999999,0.68359375,-2.6016314,0.68359375,-2.6016314
0.685546875,-0.7883464,0.685546875,0.9999999,0.685546875,1.0000001,0.685546875,-2.478913,0.685546875,-2.4789128
0.6875,-0.70710677,0.6875,0.99999994,0.6875,0.9999999,0.6875,-2.3561945,0.6875,-2.3561943
0.689453125,-0.6152316,0.689453125,1.0,0.689453125,0.9999999,0.689453125,-2.2334762,0.689453125,-2.2334762
0.69140625,-0.51410276,0.69140625,0.9999999,0.69140625,1.0,0.69140625,-2.1107574,0.69140625,-2.1107576
0.693359375,-0.4052413,0.693359375,0.9999999,0.693359375,0.99999994,0.693359375,-1.9880391,0.693359375,-1.9880391
0.6953125,-0.29028466,0.6953125,1.0000001,0.6953125,1.0000001,0.6953125,-1.8653207,0.6953125,-1.8653207
0.697265625,-0.17096189,0.697265625,1.0000001,0.697265625,1.0,0.697265625,-1.7426021,0.697265625,-1.7426021
0.69921875,-0.049067676,0.69921875,0.9999999,0.69921875,0.9999998,0.69921875,-1.6198837,0.69921875,-1.6198837
0.701171875,0.07356457,0.701171875,0.99999994,0.701171875,0.99999994,0.701171875,-1.4971653,0.701171875,-1.4971653
0.703125,0.19509032,0.703125,0.99999994,0.703125,1.0,0.703125,-1.3744469,0.703125,-1.3744467
0.705078125,0.31368175,0.705078125,1.0000001,0.705078125,1.0,0.705078125,-1.2517283,0.705078125,-1.2517282
0.70703125,0.42755508,0.70703125,1.0000001,0.70703125,1.0,0.70703125,-1.1290098,0.70703125,-1.12901
0.708984375,0.53499764,0.708984375,0.99999994,0.708984375,1.0000001,0.708984375,-1.0062913,0.708984375,-1.0062912
0.7109375,0.6343933,0.7109375,1.0,0.7109375,0.9999999,0.7109375,-0.8835728,0.7109375,-0.8835727
0.712890625,0.7242471,0.712890625,1.0000001,0.712890625,0.9999998,0.712890625,-0.7608545,0.712890625,-0.7608544
0.71484375,0.8032075,0.71484375,1.0,0.71484375,0.9999999,0.71484375,-0.638136,0.71484375,-0.638136
0.716796875,0.87008697,0.716796875,0.9999999,0.716796875,1.0,0.716796875,-0.5154176,0.716796875,-0.51541764
0.71875,0.9238795,0.71875,1.0,0.71875,1.0,0.71875,-0.3926991,0.71875,-0.39269915
0.720703125,0.96377605,0.720703125,0.99999994,0.720703125,1.0,0.720703125,-0.26998058,0.720703125,-0.26998073
0.72265625,0.9891765,0.72265625,0.99999994,0.72265625,1.0,0.72265625,-0.14726216,0.72265625,-0.14726213
0.724609375,0.9996988,0.724609375,0.9999999,0.724609375,1.0,0.724609375,-0.02454372,0.724609375,-0.024543783
0.7265625,0.9951847,0.7265625,1.0000001,0.7265625,1.0000002,0.7265625,0.098174855,0.7265625,0.098174885
0.728515625,0.9757021,0.728515625,0.9999999,0.728515625,0.99999994,0.728515625,0.22089326,0.728515625,0.2208933
0.73046875,0.94154406,0.73046875,0.9999999,0.73046875,1.0,0.73046875,0.34361166,0.73046875,0.3436117
0.732421875,0.8932243,0.732421875,1.0,0.732421875,1.0,0.732421875,0.46633008,0.732421875,0.4663302
0.734375,0.8314696,0.734375,1.0,0.734375,1.0,0.734375,0.58904874,0.734375,0.5890487
0.736328125,0.7572088,0.736328125,0.99999994,0.736328125,0.9999999,0.736328125,0.7117671,0.736328125,0.7117671
0.73828125,0.671559,0.73828125,0.9999999,0.73828125,1.0,0.73828125,0.8344854,0.73828125,0.8344855
0.740234375,0.57580817,0.740234375,1.0,0.740234375,1.0000001,0.740234375,0.9572041,0.740234375,0.9572042
0.7421875,0.47139674,0.7421875,0.9999998,0.7421875,1.0,0.7421875,1.0799226,0.7421875,1.0799226
0.744140625,0.35989505,0.744140625,1.0,0.744140625,1.0,0.744140625,1.202641,0.744140625,1.202641
0.74609375,0.24298018,0.74609375,0.99999994,0.74609375,0.9999999,0.74609375,1.3253595,0.74609375,1.3253595
0.748046875,0.12241068,0.748046875,0.9999998,0.748046875,1.0,0.748046875,1.4480779,0.748046875,1.4480778
0.75,5.3896838e-15,0.75,0.99999994,0.75,1.0,0.75,1.5707964,0.75,1.5707964
0.751953125,-0.12241068,0.751953125,0.99999994,0.751953125,0.99999994,0.751953125,1.6935147,0.751953125,1.6935148
0.75390625,-0.24298018,0.75390625,1.0,0.75390625,0.9999999,0.75390625,1.8162332,0.75390625,1.8162333
0.755859375,-0.35989505,0.755859375,1.0,0.755859375,0.99999994,0.755859375,1.9389516,0.755859375,1.9389516
0.7578125,-0.47139674,0.7578125,1.0,0.7578125,1.0,0.7578125,2.0616703,0.7578125,2.0616703
0.759765625,-0.57580817,0.759765625,1.0,0.759765625,1.0000001,0.759765625,2.1843886,0.759765625,2.1843886
0.76171875,-0.671559,0.76171875,1.0000001,0.76171875,0.99999994,0.76171875,2.3071072,0.76171875,2.3071072
0.763671875,-0.7572088,0.763671875,0.9999999,0.763671875,1.0,0.763671875,2.4298258,0.763671875,2.4298255
0.765625,-0.8314696,0.765625,0.9999999,0.765625,1.0,0.765625,2.552544,0.765625,2.552544
0.767578125,-0.8932243,0.767578125,1.0,0.767578125,0.99999994,0.767578125,2.6752625,0.767578125,2.6752625
0.76953125,-0.94154406,0.76953125,1.0,0.76953125,0.99999994,0.76953125,2.7979808,0.76953125,2.797981
0.771484375,-0.9757021,0.771484375,0.99999994,0.771484375,1.0,0.771484375,2.9206996,0.771484375,2.9206994
0.7734375,-0.9951847,0.7734375,1.0,0.7734375,1.0,0.7734375,3.043418,0.7734375,3.0434182
0.775390625,-0.9996988,0.775390625,0.9999999,0.775390625,0.9999998,0.775390625,-3.117049,0.775390625,-3.117049
0.77734375,-0.9891765,0.77734375,0.99999994,0.77734375,0.9999999,0.77734375,-2.9943304,0.77734375,-2.9943304
0.779296875,-0.96377605,0.779296875,0.9999999,0.779296875,0.99999994,0.779296875,-2.871612,0.779296875,-2.871612
0.78125,-0.9238795,0.78125,1.0,0.78125,1.0000001,0.78125,-2.7488935,0.78125,-2.7488935
0.783203125,-0.87008697,0.783203125,0.99999994,0.783203125,0.9999998,0.783203125,-2.6261752,0.783203125,-2.6261754
0.78515625,-0.8032075,0.78515625,0.99999994,0.78515625,1.0000001,0.78515625,-2.5034566,0.78515625,-2.5034568
0.787109375,-0.7242471,0.787109375,1.0000001,0.787109375,0.9999999,0.787109375,-2.3807383,0.787109375,-2.3807383
0.7890625,-0.6343933,0.7890625,1.0000001,0.7890625,1.0000002,0.7890625,-2.2580197,0.7890625,-2.25802
0.791015625,-0.53499764,0.791015625,0.99999994,0.791015625,1.0,0.791015625,-2.135301,0.791015625,-2.135301
0.79296875,-0.42755508,0.79296875,0.9999999,0.79296875,0.99999994,0.79296875,-2.0125828,0.79296875,-2.0125828
0.794921875,-0.31368175,0.794921875,0.9999998,0.794921875,1.0,0.794921875,-1.8898643,0.794921875,-1.8898643
0.796875,-0.19509032,0.796875,1.0000001,0.796875,1.0,0.796875,-1.7671458,0.796875,-1.7671459
0.798828125,-0.07356457,0.798828125,1.0,0.798828125,0.99999994,0.798828125,-1.6444273,0.798828125,-1.6444273
0.80078125,0.049067676,0.80078125,0.9999999,0.80078125,1.0,0.80078125,-1.521709,0.80078125,-1.521709
0.802734375,0.17096189,0.802734375,1.0000001,0.802734375,1.0,0.802734375,-1.3989905,0.802734375,-1.3989904
0.8046875,0.29028466,0.8046875,0.99999994,0.8046875,0.9999998,0.8046875,-1.2762719,0.8046875,-1.2762719
0.806640625,0.4052413,0.806640625,1.0,0.806640625,0.99999994,0.806640625,-1.1535536,0.806640625,-1.1535535
0.80859375,0.51410276,0.80859375,1.0000001,0.80859375,0.9999999,0.80859375,-1.030835,0.80859375,-1.030835
0.810546875,0.6152316,0.810546875,0.99999994,0.810546875,1.0,0.810546875,-0.9081166,0.810546875,-0.9081165
0.8125,0.70710677,0.8125,0.99999994,0.8125,0.9999999,0.8125,-0.7853982,0.8125,-0.7853982
0.814453125,0.7883464,0.814453125,1.0000001,0.814453125,1.0,0.814453125,-0.6626796,0.814453125,-0.66267973
0.81640625,0.8577286,0.81640625,0.9999999,0.81640625,0.99999994,0.81640625,-0.53996116,0.81640625,-0.53996116
0.818359375,0.9142098,0.818359375,1.0,0.818359375,0.99999994,0.818359375,-0.41724277,0.818359375,-0.41724288
0.8203125,0.95694035,0.8203125,1.0000001,0.8203125,1.0000001,0.8203125,-0.29452428,0.8203125,-0.29452425
0.822265625,0.98527765,0.822265625,1.0000001,0.822265625,1.0,0.822265625,-0.17180581,0.822265625,-0.1718059
0.82421875,0.99879545,0.82421875,1.0,0.82421875,0.99999994,0.82421875,-0.04908741,0.82421875,-0.049087334
0.826171875,0.99729043,0.826171875,1.0000001,0.826171875,0.99999994,0.826171875,0.073631145,0.826171875,0.07363109
0.828125,0.98078525,0.828125,0.99999994,0.828125,0.9999999,0.828125,0.19634959,0.828125,0.19634958
0.830078125,0.94952816,0.830078125,0.99999994,0.830078125,1.0,0.830078125,0.31906807,0.830078125,0.31906804
0.83203125,0.9039893,0.83203125,0.99999994,0.83203125,1.0,0.83203125,0.44178647,0.83203125,0.44178647
0.833984375,0.8448536,0.833984375,1.0,0.833984375,1.0,0.833984375,0.5645049,0.833984375,0.56450504
0.8359375,0.77301043,0.8359375,1.0000001,0.8359375,0.99999994,0.8359375,0.6872236,0.8359375,0.68722355
0.837890625,0.68954057,0.837890625,1.0,0.837890625,0.9999999,0.837890625,0.80994195,0.837890625,0.809942
0.83984375,0.5956993,0.83984375,1.0,0.83984375,0.9999998,0.83984375,0.93266034,0.83984375,0.9326604
0.841796875,0.4928982,0.841796875,0.9999999,0.841796875,0.9999999,0.841796875,1.0553788,0.841796875,1.0553787
0.84375,0.38268343,0.84375,1.0,0.84375,1.0000002,0.84375,1.1780972,0.84375,1.1780972
0.845703125,0.26671275,0.845703125,0.99999994,0.845703125,0.9999998,0.845703125,1.3008157,0.845703125,1.3008158
0.84765625,0.14673047,0.84765625,0.99999994,0.84765625,0.99999994,0.84765625,1.4235342,0.84765625,1.423534
0.849609375,0.024541229,0.849609375,0.9999999,0.849609375,0.9999999,0.849609375,1.5462526,0.849609375,1.5462526
0.8515625,-0.09801714,0.8515625,1.0000001,0.8515625,1.0,0.8515625,1.668971,0.8515625,1.668971
0.853515625,-0.21910124,0.853515625,1.0000001,0.853515625,1.0000002,0.853515625,1.7916895,0.853515625,1.7916896
0.85546875,-0.33688986,0.85546875,1.0000001,0.85546875,0.99999994,0.85546875,1.9144081,0.85546875,1.9144081
0.857421875,-0.44961134,0.857421875,0.99999994,0.857421875,1.0,0.857421875,2.0371265,0.857421875,2.0371265
0.859375,-0.55557024,0.859375,0.9999999,0.859375,0.99999994,0.859375,2.1598449,0.859375,2.1598449
0.861328125,-0.65317285,0.861328125,1.0,0.861328125,1.0000001,0.861328125,2.2825632,0.861328125,2.2825634
0.86328125,-0.7409511,0.86328125,1.0,0.86328125,1.0,0.86328125,2.4052818,0.86328125,2.405282
0.865234375,-0.8175848,0.865234375,0.99999994,0.865234375,1.0000001,0.865234375,2.5280004,0.865234375,2.5280006
0.8671875,-0.8819213,0.8671875,0.9999998,0.8671875,0.9999999,0.8671875,2.6507187,0.8671875,2.6507192
0.869140625,-0.9329928,0.869140625,1.0,0.869140625,0.9999999,0.869140625,2.7734373,0.869140625,2.7734373
0.87109375,-0.97003126,0.87109375,1.0000001,0.87109375,0.9999999,0.87109375,2.8961556,0.87109375,2.8961558
0.873046875,-0.99247956,0.873046875,0.99999994,0.873046875,1.0,0.873046875,3.0188742,0.873046875,3.0188742
0.875,-1.0,0.875,1.0000001,0.875,0.99999994,0.875,-3.1415927,0.875,-3.1415925
0.876953125,-0.99247956,0.876953125,1.0,0.876953125,0.9999999,0.876953125,-3.0188742,0.876953125,-3.0188742
0.87890625,-0.97003126,0.87890625,1.0,0.87890625,0.99999994,0.87890625,-2.8961558,0.87890625,-2.8961556
0.880859375,-0.9329928,0.880859375,1.0,0.880859375,0.9999998,0.880859375,-2.7734373,0.880859375,-2.7734373
0.8828125,-0.8819213,0.8828125,1.0000001,0.8828125,1.0000001,0.8828125,-2.6507187,0.8828125,-2.6507187
0.884765625,-0.8175848,0.884765625,0.99999994,0.884765625,1.0,0.884765625,-2.5280004,0.884765625,-2.5280004
0.88671875,-0.7409511,0.88671875,0.9999999,0.88671875,0.9999998,0.88671875,-2.405282,0.88671875,-2.405282
0.888671875,-0.65317285,0.888671875,1.0,0.888671875,1.0,0.888671875,-2.2825634,0.888671875,-2.2825634
0.890625,-0.55557024,0.890625,1.0,0.890625,0.99999994,0.890625,-2.1598449,0.890625,-2.1598449
0.892578125,-0.44961134,0.892578125,1.0000001,0.892578125,0.9999999,0.892578125,-2.0371265,0.892578125,-2.0371265
0.89453125,-0.33688986,0.89453125,1.0,0.89453125,1.0000001,0.89453125,-1.9144078,0.89453125,-1.9144081
0.896484375,-0.21910124,0.896484375,0.99999994,0.896484375,1.0,0.896484375,-1.7916895,0.896484375,-1.7916894
0.8984375,-0.09801714,0.8984375,1.0000001,0.8984375,0.9999999,0.8984375,-1.668971,0.8984375,-1.6689711
0.900390625,0.024541229,0.900390625,0.9999999,0.900390625,0.99999994,0.900390625,-1.5462525,0.900390625,-1.5462526
0.90234375,0.14673047,0.90234375,0.99999994,0.90234375,1.0,0.90234375,-1.4235342,0.90234375,-1.423534
0.904296875,0.26671275,0.904296875,0.9999999,0.904296875,0.9999999,0.904296875,-1.3008157,0.904296875,-1.3008157
0.90625,0.38268343,0.90625,1.0,0.90625,1.0000001,0.90625,-1.1780972,0.90625,-1.1780974
0.908203125,0.4928982,0.908203125,0.99999994,0.908203125,1.0000001,0.908203125,-1.0553788,0.908203125,-1.0553787
0.91015625,0.5956993,0.91015625,0.99999994,0.91015625,0.99999994,0.91015625,-0.93266034,0.91015625,-0.93266034
0.912109375,0.68954057,0.912109375,1.0,0.912109375,1.0,0.912109375,-0.8099418,0.912109375,-0.8099418
0.9140625,0.77301043,0.9140625,1.0000001,0.9140625,1.0,0.9140625,-0.68722343,0.9140625,-0.68722343
0.916015625,0.8448536,0.916015625,1.0,0.916015625,1.0000001,0.916015625,-0.564505,0.916015625,-0.564505
0.91796875,0.9039893,0.91796875,1.0000001,0.91796875,1.0,0.91796875,-0.44178647,0.91796875,-0.44178635
0.919921875,0.94952816,0.919921875,0.99999994,0.919921875,1.0,0.919921875,-0.31906796,0.919921875,-0.31906793
0.921875,0.98078525,0.921875,0.9999998,0.921875,0.9999999,0.921875,-0.19634938,0.921875,-0.1963495
0.923828125,0.99729043,0.923828125,0.9999999,0.923828125,1.0,0.923828125,-0.073631115,0.923828125,-0.073631056
0.92578125,0.99879545,0.92578125,0.9999999,0.92578125,1.0,0.92578125,0.049087323,0.92578125,0.049087405
0.927734375,0.98527765,0.927734375,1.0000001,0.927734375,1.0,0.927734375,0.17180589,0.927734375,0.1718059
0.9296875,0.95694035,0.9296875,0.99999994,0.9296875,1.0,0.9296875,0.29452434,0.9296875,0.29452446
0.931640625,0.9142098,0.931640625,0.9999999,0.931640625,0.9999999,0.931640625,0.4172428,0.931640625,0.41724294
0.93359375,0.8577286,0.93359375,1.0,0.93359375,0.9999999,0.93359375,0.5399613,0.93359375,0.53996134
0.935546875,0.7883464,0.935546875,0.9999999,0.935546875,1.0000001,0.935546875,0.66267955,0.935546875,0.66267973
0.9375,0.70710677,0.9375,0.99999994,0.9375,0.9999999,0.9375,0.7853982,0.9375,0.78539836
0.939453125,0.6152316,0.939453125,1.0,0.939453125,0.9999999,0.939453125,0.9081166,0.939453125,0.90811664
0.94140625,0.51410276,0.94140625,0.9999999,0.94140625,1.0,0.94140625,1.0308352,0.94140625,1.030835
0.943359375,0.4052413,0.943359375,0.9999999,0.943359375,0.99999994,0.943359375,1.1535535,0.943359375,1.1535535
0.9453125,0.29028466,0.9453125,1.0000001,0.9453125,1.0000001,0.9453125,1.2762719,0.9453125,1.2762719
0.947265625,0.17096189,0.947265625,1.0000001,0.947265625,1.0,0.947265625,1.3989905,0.947265625,1.3989905
0.94921875,0.049067676,0.94921875,0.9999999,0.94921875,0.9999998,0.94921875,1.521709,0.94921875,1.521709
0.951171875,-0.07356457,0.951171875,0.99999994,0.951171875,0.99999994,0.951171875,1.6444273,0.951171875,1.6444273
0.953125,-0.19509032,0.953125,0.99999994,0.953125,1.0,0.953125,1.7671458,0.953125,1.7671459
0.955078125,-0.31368175,0.955078125,1.0000001,0.955078125,1.0,0.955078125,1.8898643,0.955078125,1.8898644
0.95703125,-0.42755508,0.95703125,1.0000001,0.95703125,1.0,0.95703125,2.0125828,0.95703125,2.0125828
0.958984375,-0.53499764,0.958984375,0.99999994,0.958984375,1.0000001,0.958984375,2.1353014,0.958984375,2.1353016
0.9609375,-0.6343933,0.9609375,1.0,0.9609375,0.9999999,0.9609375,2.25802,0.9609375,2.25802
0.962890625,-0.7242471,0.962890625,1.0000001,0.962890625,0.9999998,0.962890625,2.3807383,0.962890625,2.3807383
0.96484375,-0.8032075,0.96484375,1.0,0.96484375,0.9999999,0.96484375,2.5034566,0.96484375,2.5034566
0.966796875,-0.87008697,0.966796875,0.9999999,0.966796875,1.0,0.966796875,2.6261752,0.966796875,2.626175
0.96875,-0.9238795,0.96875,1.0,0.96875,1.0,0.96875,2.7488935,0.96875,2.7488935
0.970703125,-0.96377605,0.970703125,0.99999994,0.970703125,1.0,0.970703125,2.871612,0.970703125,2.8716118
0.97265625,-0.9891765,0.97265625,0.99999994,0.97265625,1.0,0.97265625,2.9943304,0.97265625,2.9943304
0.974609375,-0.9996988,0.974609375,0.9999999,0.974609375,1.0,0.974609375,3.117049,0.974609375,3.117049
0.9765625,-0.9951847,0.9765625,1.0000001,0.9765625,1.0000002,0.9765625,-3.0434177,0.9765625,-3.0434177
0.978515625,-0.9757021,0.978515625,0.9999999,0.978515625,0.99999994,0.978515625,-2.9206994,0.978515625,-2.9206994
0.98046875,-0.94154406,0.98046875,0.9999999,0.98046875,1.0,0.98046875,-2.797981,0.98046875,-2.797981
0.982421875,-0.8932243,0.982421875,1.0,0.982421875,1.0,0.982421875,-2.6752625,0.982421875,-2.6752625
0.984375,-0.8314696,0.984375,1.0,0.984375,1.0,0.984375,-2.5525439,0.984375,-2.552544
0.986328125,-0.7572088,0.986328125,0.99999994,0.986328125,0.9999999,0.986328125,-2.4298255,0.986328125,-2.4298255
0.98828125,-0.671559,0.98828125,0.9999999,0.98828125,1.0,0.98828125,-2.3071072,0.98828125,-2.3071072
0.990234375,-0.57580817,0.990234375,1.0,0.990234375,1.0000001,0.990234375,-2.1843886,0.990234375,-2.1843884
0.9921875,-0.47139674,0.9921875,0.9999998,0.9921875,1.0,0.9921875,-2.06167,0.9921875,-2.06167
0.994140625,-0.35989505,0.994140625,1.0,0.994140625,1.0,0.994140625,-1.9389516,0.994140625,-1.9389516
0.99609375,-0.24298018,0.99609375,0.99999994,0.99609375,0.9999999,0.99609375,-1.8162332,0.99609375,-1.8162332
0.998046875,-0.12241068,0.998046875,0.9999998,0.998046875,1.0,0.998046875,-1.6935147,0.998046875,-1.6935148
