ax_0_0_plot_000_x,ax_0_0_plot_000_y,ax_0_0_plot_001_x,ax_0_0_plot_001_y,ax_1_0_plot_002_x,ax_1_0_plot_002_y,ax_1_0_plot_003_x,ax_1_0_plot_003_y,ax_2_0_plot_004_x,ax_2_0_plot_004_y,ax_2_0_plot_005_x,ax_2_0_plot_005_y
0.0,0.13533528,0.0,0.1353352832366127,0.0,0.14825226,0.0,0.14825232,0.0,-0.4205331,0.0,-0.42053294
0.001953125,0.13642247,0.001953125,0.1374623087577611,0.001953125,0.13927633,0.001953125,0.13927646,0.001953125,-0.20278913,0.001953125,-0.20278828
0.00390625,0.13538125,0.00390625,0.1396142424869396,0.00390625,0.13539205,0.00390625,0.13539211,0.00390625,-0.012626785,0.00390625,-0.012626998
0.005859375,0.13212436,0.005859375,0.1417912096198389,0.005859375,0.1339076,0.005859375,0.13390778,0.005859375,0.16338621,0.005859375,0.163386
0.0078125,0.12659822,0.0078125,0.1439933326888392,0.0078125,0.13390061,0.0078125,0.13390063,0.0078125,0.3317823,0.0078125,0.33178312
0.009765625,0.11878627,0.009765625,0.1462207314913367,0.009765625,0.1347829,0.009765625,0.13478303,0.009765625,0.49215955,0.009765625,0.4921589
0.01171875,0.10871192,0.01171875,0.148473523017795,0.01171875,0.13640903,0.01171875,0.13640918,0.01171875,0.64855933,0.01171875,0.64855856
0.013671875,0.09644085,0.013671875,0.1507518213795456,0.013671875,0.13841854,0.013671875,0.13841869,0.013671875,0.7999619,0.013671875,0.7999632
0.015625,0.08208272,0.015625,0.1530557377363581,0.015625,0.1408889,0.015625,0.14088884,0.015625,0.94886464,0.015625,0.9488644
0.017578125,0.06579206,0.017578125,0.1553853802238056,0.017578125,0.14352266,0.017578125,0.14352265,0.017578125,1.0945917,0.017578125,1.0945925
0.01953125,0.04776841,0.01953125,0.1577408538804463,0.01953125,0.14647292,0.01953125,0.14647287,0.01953125,1.2385945,0.01953125,1.238595
0.021484375,0.028255435,0.021484375,0.160122260574848,0.021484375,0.14947784,0.021484375,0.14947775,0.021484375,1.3806245,0.021484375,1.3806247
0.0234375,0.007539146,0.0234375,0.1625296989324784,0.0234375,0.15270953,0.0234375,0.15270965,0.0234375,1.5214067,0.0234375,1.521407
0.025390625,-0.014054919,0.025390625,0.1649632642624859,0.025390625,0.15593916,0.025390625,0.15593919,0.025390625,1.6610492,0.025390625,1.6610497
0.02734375,-0.036165588,0.02734375,0.1674230484843982,0.02734375,0.15933102,0.02734375,0.15933096,0.02734375,1.7997758,0.02734375,1.7997751
0.029296875,-0.05840097,0.029296875,0.1699091400547622,0.029296875,0.16269127,0.029296875,0.16269132,0.029296875,1.9379582,0.029296875,1.9379578
0.03125,-0.08034442,0.03125,0.1724216238937528,0.03125,0.16616204,0.03125,0.16616209,0.03125,2.07548,0.03125,2.07548
0.033203125,-0.10156151,0.033203125,0.1749605813117767,0.033203125,0.16958743,0.033203125,0.1695874,0.033203125,2.2128906,0.033203125,2.2128906
0.03515625,-0.121607825,0.03515625,0.1775260899360985,0.03515625,0.17308006,0.03515625,0.17308004,0.03515625,2.3498554,0.03515625,2.349856
0.037109375,-0.14003772,0.037109375,0.1801182236375162,0.037109375,0.17652269,0.037109375,0.17652275,0.037109375,2.4870272,0.037109375,2.4870272
0.0390625,-0.15641361,0.0390625,0.1827370524571139,0.0390625,0.17999554,0.0390625,0.17999554,0.0390625,2.6239452,0.0390625,2.6239455
0.041015625,-0.17031589,0.041015625,0.1853826425331201,0.041015625,0.18341999,0.041015625,0.18341996,0.041015625,2.7613025,0.041015625,2.7613025
0.04296875,-0.18135312,0.04296875,0.1880550560279,0.04296875,0.18684268,0.04296875,0.18684268,0.04296875,2.8985872,0.04296875,2.8985877
0.044921875,-0.18917236,0.044921875,0.1907543510551103,0.044921875,0.19022235,0.044921875,0.1902223,0.044921875,3.0364785,0.044921875,3.0364788
0.046875,-0.19346942,0.046875,0.1934805816070467,0.046875,0.19357412,0.046875,0.19357412,0.046875,-3.1087174,0.046875,-3.1087172
0.048828125,-0.19399872,0.048828125,0.1962337974822123,0.048828125,0.19689012,0.048828125,0.19689019,0.048828125,-2.9700015,0.048828125,-2.9700015
0.05078125,-0.19058248,0.05078125,0.1990140442131381,0.05078125,0.20015803,0.05078125,0.20015809,0.05078125,-2.8310251,0.05078125,-2.8310246
0.052734375,-0.18311912,0.052734375,0.2018213629944849,0.052734375,0.20339933,0.052734375,0.20339926,0.052734375,-2.691241,0.052734375,-2.6912405
0.0546875,-0.17159033,0.0546875,0.2046557906114575,0.0546875,0.2065778,0.0546875,0.20657769,0.0546875,-2.5510402,0.0546875,-2.5510406
0.056640625,-0.1560668,0.056640625,0.2075173593685622,0.056640625,0.20973927,0.056640625,0.2097393,0.056640625,-2.4099824,0.056640625,-2.4099824
0.05859375,-0.13671224,0.05859375,0.2104060970187383,0.05859375,0.21283005,0.05859375,0.21283002,0.05859375,-2.268363,0.05859375,-2.2683625
0.060546875,-0.11378531,0.060546875,0.2133220266928954,0.060546875,0.21591349,0.060546875,0.21591341,0.060546875,-2.1258576,0.060546875,-2.1258569
0.0625,-0.08763958,0.0625,0.2162651668298873,0.0625,0.21892455,0.0625,0.2189244,0.0625,-1.9826609,0.0625,-1.9826611
0.064453125,-0.05872103,0.064453125,0.2192355311069559,0.064453125,0.22193788,0.064453125,0.2219379,0.064453125,-1.8385676,0.064453125,-1.8385683
0.06640625,-0.027563155,0.06640625,0.2222331283706763,0.06640625,0.22488335,0.06640625,0.22488336,0.06640625,-1.6936717,0.06640625,-1.6936718
0.068359375,0.0052204467,0.068359375,0.2252579625684344,0.068359375,0.22784019,0.068359375,0.2278401,0.068359375,-1.547881,0.068359375,-1.5478809
0.0703125,0.038946044,0.0703125,0.2283100326804726,0.0703125,0.23073919,0.0703125,0.23073913,0.0703125,-1.4011966,0.0703125,-1.4011965
0.072265625,0.072872184,0.072265625,0.2313893326525329,0.072265625,0.23365812,0.072265625,0.2336582,0.072265625,-1.2536298,0.072265625,-1.2536298
0.07421875,0.106214434,0.07421875,0.2344958513291332,0.07421875,0.2365343,0.07421875,0.23653425,0.07421875,-1.1051006,0.07421875,-1.1051006
0.076171875,0.13816227,0.076171875,0.2376295723875081,0.076171875,0.23943777,0.076171875,0.23943761,0.076171875,-0.95571095,0.076171875,-0.9557108
0.078125,0.16789778,0.078125,0.2407904742722485,0.078125,0.24231714,0.078125,0.24231714,0.078125,-0.80531454,0.078125,-0.80531454
0.080078125,0.19461592,0.080078125,0.2439785301306736,0.080078125,0.24523012,0.080078125,0.24523008,0.080078125,-0.6540837,0.080078125,-0.6540844
0.08203125,0.21754566,0.08203125,0.2471937077489673,0.08203125,0.2481405,0.08203125,0.24814041,0.08203125,-0.5018296,0.08203125,-0.50182974
0.083984375,0.23597191,0.083984375,0.2504359694891157,0.083984375,0.25108907,0.083984375,0.2510891,0.083984375,-0.34877047,0.083984375,-0.34877047
0.0859375,0.24925728,0.0859375,0.2537052722266759,0.0859375,0.25405735,0.0859375,0.25405732,0.0859375,-0.19469601,0.0859375,-0.19469562
0.087890625,0.25686324,0.087890625,0.2570015672894136,0.087890625,0.25706717,0.087890625,0.25706723,0.087890625,-0.039845254,0.087890625,-0.039845362
0.08984375,0.2583701,0.08984375,0.2603248003968401,0.08984375,0.26011786,0.08984375,0.2601179,0.08984375,0.11598935,0.08984375,0.11598911
0.091796875,0.25349513,0.091796875,0.263674911600686,0.091796875,0.2632122,0.091796875,0.26321235,0.091796875,0.27257058,0.091796875,0.27257046
0.09375,0.24210805,0.09375,0.2670518352263433,0.09375,0.26636586,0.09375,0.26636586,0.09375,0.43008527,0.09375,0.43008557
0.095703125,0.2242433,0.095703125,0.2704554998153103,0.095703125,0.269564,0.095703125,0.26956403,0.095703125,0.5883208,0.095703125,0.58832073
0.09765625,0.20010872,0.09765625,0.273885828068675,0.09765625,0.27283555,0.09765625,0.27283558,0.09765625,0.7474267,0.09765625,0.74742687
0.099609375,0.17008972,0.099609375,0.2773427367916697,0.099609375,0.27615106,0.099609375,0.276151,0.099609375,0.9072306,0.099609375,0.90723056
0.1015625,0.13474888,0.1015625,0.2808261368393309,0.1015625,0.27954915,0.1015625,0.27954912,0.1015625,1.0678355,0.1015625,1.0678353
0.103515625,0.09482034,0.103515625,0.2843359330632991,0.103515625,0.28298917,0.103515625,0.282989,0.103515625,1.2291198,0.103515625,1.2291201
0.10546875,0.051199015,0.10546875,0.2878720242597923,0.10546875,0.28651512,0.10546875,0.28651515,0.10546875,1.3911359,0.10546875,1.3911356
0.107421875,0.004924352,0.107421875,0.2914343031187876,0.107421875,0.29008,0.107421875,0.29008004,0.107421875,1.5538195,0.107421875,1.5538193
0.109375,-0.042841103,0.109375,0.2950226561744428,0.109375,0.29372862,0.109375,0.29372862,0.109375,1.7171708,0.109375,1.7171708
0.111328125,-0.09083815,0.111328125,0.2986369637567949,0.111328125,0.29741207,0.111328125,0.2974122,0.111328125,1.8811847,0.111328125,1.8811845
0.11328125,-0.13774195,0.11328125,0.302277099944766,0.11328125,0.30117133,0.11328125,0.30117136,0.11328125,2.0458136,0.11328125,2.0458136
0.115234375,-0.18219697,0.115234375,0.3059429325205116,0.115234375,0.30496117,0.115234375,0.30496117,0.115234375,2.2111053,0.115234375,2.211105
0.1171875,-0.22285506,0.1171875,0.3096343229251447,0.1171875,0.3088142,0.1171875,0.30881414,0.1171875,2.3769755,0.1171875,2.3769758
0.119140625,-0.25841573,0.119140625,0.3133511262158683,0.119140625,0.3126936,0.119140625,0.3126935,0.119140625,2.5435135,0.119140625,2.543513
0.12109375,-0.28766745,0.12109375,0.3170931910245482,0.12109375,0.31662032,0.12109375,0.31662047,0.12109375,2.7106116,0.12109375,2.7106113
0.123046875,-0.30952904,0.123046875,0.3208603595177615,0.123046875,0.32056922,0.123046875,0.3205693,0.123046875,2.878385,0.123046875,2.8783855
0.125,-0.32308918,0.125,0.3246524673583497,0.125,0.32454872,0.125,0.3245487,0.125,3.0467193,0.125,3.0467196
0.126953125,-0.32764357,0.126953125,0.328469343668512,0.126953125,0.3285463,0.126953125,0.32854638,0.126953125,-3.0674446,0.126953125,-3.0674443
0.12890625,-0.32272765,0.12890625,0.3323108109944678,0.12890625,0.3325577,0.12890625,0.3325579,0.12890625,-2.8978472,0.12890625,-2.8978477
0.130859375,-0.3081436,0.130859375,0.3361766852727216,0.130859375,0.3365844,0.130859375,0.3365845,0.130859375,-2.72755,0.130859375,-2.7275496
0.1328125,-0.2839809,0.1328125,0.3400667757979612,0.1328125,0.34061,0.1328125,0.3406101,0.1328125,-2.5566473,0.1328125,-2.556647
0.134765625,-0.25062865,0.134765625,0.3439808851926204,0.134765625,0.34464863,0.134765625,0.34464875,0.134765625,-2.3850312,0.134765625,-2.385031
0.13671875,-0.20877904,0.13671875,0.3479188093781352,0.13671875,0.34867495,0.13671875,0.34867504,0.13671875,-2.2127717,0.13671875,-2.2127717
0.138671875,-0.1594211,0.138671875,0.351880337547927,0.138671875,0.35271338,0.138671875,0.35271347,0.138671875,-2.0397856,0.138671875,-2.0397856
0.140625,-0.103824496,0.140625,0.3558652521421384,0.140625,0.3567325,0.140625,0.35673246,0.140625,-1.8661132,0.140625,-1.866113
0.142578125,-0.04351296,0.142578125,0.3598733288241545,0.142578125,0.3607639,0.142578125,0.36076388,0.142578125,-1.6917042,0.142578125,-1.6917037
0.14453125,0.01977226,0.14453125,0.3639043364589369,0.14453125,0.3647739,0.14453125,0.36477393,0.14453125,-1.5165653,0.14453125,-1.5165654
0.146484375,0.08411844,0.146484375,0.3679580370931993,0.146484375,0.3687975,0.146484375,0.36879757,0.146484375,-1.3406825,0.146484375,-1.3406825
0.1484375,0.14749591,0.1484375,0.3720341859374524,0.1484375,0.37280315,0.1484375,0.37280327,0.1484375,-1.1640316,0.1484375,-1.1640315
0.150390625,0.20781976,0.150390625,0.376132531349947,0.150390625,0.3768245,0.150390625,0.37682444,0.150390625,-0.9866319,0.150390625,-0.98663145
0.15234375,0.2630171,0.15234375,0.3802528148225402,0.15234375,0.3808356,0.15234375,0.3808356,0.15234375,-0.80843395,0.15234375,-0.8084343
0.154296875,0.31109774,0.154296875,0.3843947709685128,0.154296875,0.38486478,0.154296875,0.38486478,0.154296875,-0.6294864,0.154296875,-0.6294864
0.15625,0.35022643,0.15625,0.3885581275123641,0.15625,0.3888952,0.15625,0.38889527,0.15625,-0.44972277,0.15625,-0.44972304
0.158203125,0.37879327,0.158203125,0.3927426052816075,0.158203125,0.39294678,0.158203125,0.39294693,0.158203125,-0.26921132,0.158203125,-0.2692112
0.16015625,0.39548096,0.16015625,0.3969479182005944,0.16015625,0.39701304,0.16015625,0.39701307,0.16015625,-0.087879226,0.16015625,-0.087878995
0.162109375,0.39932498,0.162109375,0.4011737732863884,0.162109375,0.40110314,0.162109375,0.40110314,0.162109375,0.09419697,0.162109375,0.09419682
0.1640625,0.38976502,0.1640625,0.405419870646715,0.1640625,0.40522146,0.1640625,0.40522137,0.1640625,0.27708533,0.1640625,0.2770851
0.166015625,0.36668453,0.166015625,0.4096859034800082,0.166015625,0.40936622,0.166015625,0.40936634,0.166015625,0.46070993,0.166015625,0.46070993
0.16796875,0.33043662,0.16796875,0.4139715580775785,0.16796875,0.41355112,0.16796875,0.41355103,0.16796875,0.6451287,0.16796875,0.64512885
0.169921875,0.28185424,0.169921875,0.4182765138279213,0.169921875,0.41776404,0.169921875,0.41776407,0.169921875,0.8302745,0.169921875,0.8302741
0.171875,0.22224347,0.171875,0.4226004432231888,0.171875,0.42202616,0.171875,0.42202613,0.171875,1.0161878,0.171875,1.0161878
0.173828125,0.15335865,0.173828125,0.4269430118678444,0.173828125,0.42631686,0.173828125,0.42631668,0.173828125,1.2028189,0.173828125,1.2028184
0.17578125,0.07735983,0.17578125,0.4313038784895203,0.17578125,0.43066105,0.17578125,0.43066126,0.17578125,1.3901856,0.17578125,1.3901854
0.177734375,-0.0032476305,0.177734375,0.4356826949520951,0.177734375,0.43503314,0.177734375,0.43503323,0.177734375,1.5782615,0.177734375,1.5782616
0.1796875,-0.08568964,0.1796875,0.4400791062710118,0.1796875,0.43945864,0.1796875,0.4394587,0.1796875,1.7670426,0.1796875,1.7670425
0.181640625,-0.16701445,0.181640625,0.4444927506308517,0.181640625,0.44390976,0.181640625,0.44390988,0.181640625,1.9565259,0.181640625,1.9565257
0.18359375,-0.24419543,0.18359375,0.4489232594051811,0.18359375,0.4484091,0.18359375,0.4484093,0.18359375,2.1466866,0.18359375,2.1466866
0.185546875,-0.31424242,0.185546875,0.4533702571786865,0.185546875,0.45293117,0.185546875,0.4529313,0.185546875,2.3375452,0.185546875,2.3375454
0.1875,-0.37431762,0.1875,0.4578333617716142,0.1875,0.45749152,0.1875,0.45749155,0.1875,2.5290618,0.1875,2.529062
0.189453125,-0.4218517,0.189453125,0.4623121842665254,0.189453125,0.46207064,0.189453125,0.46207055,0.189453125,2.7212749,0.189453125,2.7212749
0.19140625,-0.45465595,0.19140625,0.466806329037383,0.19140625,0.4666761,0.19140625,0.46667603,0.19140625,2.9141362,0.19140625,2.9141362
0.193359375,-0.47102487,0.193359375,0.4713153937809811,0.193359375,0.47129565,0.193359375,0.47129562,0.193359375,3.107695,0.193359375,3.107695
0.1953125,-0.46982545,0.1953125,0.4758389695507272,0.1953125,0.47592786,0.1953125,0.47592795,0.1953125,-2.981282,0.1953125,-2.9812822
0.197265625,-0.45056793,0.197265625,0.4803766407927906,0.197265625,0.48057014,0.197265625,0.48057008,0.197265625,-2.7863722,0.197265625,-2.7863722
0.19921875,-0.4134545,0.19921875,0.4849279853846237,0.19921875,0.485212,0.19921875,0.48521197,0.19921875,-2.5908022,0.19921875,-2.5908022
0.201171875,-0.35940242,0.201171875,0.489492574675866,0.201171875,0.4898599,0.201171875,0.48985997,0.201171875,-2.394524,0.201171875,-2.3945243
0.203125,-0.29003903,0.203125,0.4940699735316383,0.203125,0.49449706,0.203125,0.49449712,0.203125,-2.1975682,0.203125,-2.1975684
0.205078125,-0.20766753,0.205078125,0.4986597403782348,0.205078125,0.49913764,0.205078125,0.4991376,0.205078125,-1.9998963,0.205078125,-1.9998966
0.20703125,-0.11520264,0.20703125,0.5032614272512166,0.20703125,0.5037608,0.20703125,0.50376046,0.20703125,-1.8015233,0.20703125,-1.8015234
0.208984375,-0.016077802,0.208984375,0.5078745798459132,0.208984375,0.5083854,0.208984375,0.5083854,0.208984375,-1.6024269,0.208984375,-1.6024269
0.2109375,0.08587441,0.2109375,0.5124987375703365,0.2109375,0.5129904,0.2109375,0.51299053,0.2109375,-1.4026047,0.2109375,-1.4026049
0.212890625,0.18656468,0.212890625,0.5171334336005063,0.212890625,0.5175971,0.212890625,0.51759714,0.212890625,-1.2020524,0.212890625,-1.2020526
0.21484375,0.2818076,0.21484375,0.5217781949381947,0.21484375,0.5221865,0.21484375,0.5221866,0.21484375,-1.0007532,0.21484375,-1.000753
0.216796875,0.36749443,0.216796875,0.5264325424710844,0.216796875,0.52677906,0.216796875,0.526779,0.216796875,-0.7987187,0.216796875,-0.7987184
0.21875,0.4397714,0.21875,0.5310959910353452,0.21875,0.5313609,0.21875,0.53136086,0.21875,-0.59592044,0.21875,-0.59592044
0.220703125,0.4952158,0.220703125,0.5357680494806247,0.220703125,0.53594816,0.220703125,0.535948,0.220703125,-0.39238453,0.220703125,-0.39238492
0.22265625,0.531002,0.22265625,0.5404482207374518,0.22265625,0.54053414,0.22265625,0.540534,0.22265625,-0.18807688,0.22265625,-0.18807732
0.224609375,0.54504955,0.224609375,0.5451360018870492,0.224609375,0.5451281,0.224609375,0.54512805,0.224609375,0.016967528,0.224609375,0.01696709
0.2265625,0.53614587,0.2265625,0.5498308842335518,0.2265625,0.54973173,0.2265625,0.54973185,0.2265625,0.22278327,0.2265625,0.22278325
0.228515625,0.5040357,0.228515625,0.554532353378622,0.228515625,0.5543462,0.228515625,0.5543462,0.228515625,0.4293333,0.228515625,0.42933303
0.23046875,0.44947296,0.23046875,0.5592398892984604,0.23046875,0.5589802,0.23046875,0.55898035,0.23046875,0.63664585,0.23046875,0.63664556
0.232421875,0.37422907,0.232421875,0.563952966423199,0.232421875,0.5636271,0.232421875,0.5636272,0.232421875,0.8446868,0.232421875,0.84468675
0.234375,0.2810556,0.234375,0.568671053718672,0.234375,0.5683012,0.234375,0.56830114,0.234375,1.0534748,0.234375,1.0534747
0.236328125,0.17360058,0.236328125,0.5733936147705517,0.236328125,0.57298875,0.236328125,0.5729888,0.236328125,1.262985,0.236328125,1.2629848
0.23828125,0.056279548,0.23828125,0.5781201078708403,0.23828125,0.57770705,0.23828125,0.5777072,0.23828125,1.473223,0.23828125,1.4732226
0.240234375,-0.06589505,0.240234375,0.5828499861067042,0.240234375,0.5824383,0.240234375,0.58243847,0.240234375,1.6841756,0.240234375,1.6841757
0.2421875,-0.18752033,0.2421875,0.5875826974516385,0.2421875,0.5871989,0.2421875,0.58719915,0.2421875,1.8958365,0.2421875,1.8958367
0.244140625,-0.30303743,0.244140625,0.5923176848589471,0.244140625,0.59197044,0.244140625,0.5919705,0.244140625,2.1082067,0.244140625,2.1082067
0.24609375,-0.40698448,0.24609375,0.5970543863575224,0.24609375,0.5967654,0.24609375,0.5967655,0.24609375,2.3212683,0.24609375,2.3212683
0.248046875,-0.4942566,0.248046875,0.6017922351499091,0.248046875,0.60156715,0.248046875,0.60156745,0.248046875,2.5350344,0.248046875,2.5350342
0.25,-0.56036127,0.25,0.6065306597126334,0.25,0.60638314,0.25,0.60638326,0.25,2.749481,0.25,2.7494812
0.251953125,-0.6016561,0.251953125,0.6112690838987801,0.251953125,0.6112011,0.251953125,0.61120117,0.251953125,2.9646304,0.251953125,2.9646306
0.25390625,-0.61555624,0.25390625,0.6160069270427959,0.25390625,0.61602145,0.25390625,0.61602145,0.25390625,-3.1027281,0.25390625,-3.1027284
0.255859375,-0.60070074,0.255859375,0.6207436040675001,0.255859375,0.62083834,0.255859375,0.6208385,0.255859375,-2.886198,0.255859375,-2.8861978
0.2578125,-0.55706567,0.2578125,0.6254785255932782,0.2578125,0.62564594,0.2578125,0.6256459,0.2578125,-2.6689868,0.2578125,-2.6689868
0.259765625,-0.48601747,0.259765625,0.6302110980494382,0.259765625,0.63044494,0.259765625,0.63044494,0.259765625,-2.4510677,0.259765625,-2.451068
0.26171875,-0.3902996,0.26171875,0.6349407237877013,0.26171875,0.63522404,0.26171875,0.63522416,0.26171875,-2.2324574,0.26171875,-2.2324576
0.263671875,-0.2739501,0.263671875,0.639666801197806,0.263671875,0.63999116,0.263671875,0.63999134,0.263671875,-2.0131335,0.263671875,-2.0131335
0.265625,-0.14215067,0.265625,0.6443887248251953,0.265625,0.64473104,0.265625,0.64473116,0.265625,-1.7931035,0.265625,-1.7931033
0.267578125,-0.0010112736,0.267578125,0.649105885490762,0.267578125,0.6494567,0.267578125,0.64945656,0.267578125,-1.5723536,0.267578125,-1.5723534
0.26953125,0.14270176,0.26953125,0.6538176704126216,0.26953125,0.6541525,0.26953125,0.6541526,0.26953125,-1.3508804,0.26953125,-1.3508803
0.271484375,0.28188318,0.271484375,0.6585234633298845,0.271484375,0.6588333,0.271484375,0.6588334,0.271484375,-1.1286814,0.271484375,-1.1286812
0.2734375,0.40943763,0.2734375,0.6632226446283954,0.2734375,0.66348666,0.2734375,0.6634866,0.2734375,-0.9057443,0.2734375,-0.9057443
0.275390625,0.5186431,0.275390625,0.667914591468409,0.275390625,0.66812587,0.275390625,0.668126,0.275390625,-0.6820763,0.275390625,-0.6820762
0.27734375,0.60351086,0.27734375,0.6725986779141678,0.27734375,0.6727435,0.27734375,0.6727435,0.27734375,-0.45765957,0.27734375,-0.45765954
0.279296875,0.65912306,0.279296875,0.6772742750653497,0.279296875,0.6773497,0.279296875,0.6773498,0.279296875,-0.23250952,0.279296875,-0.23250957
0.28125,0.6819279,0.28125,0.6819407511903481,0.28125,0.6819429,0.28125,0.6819429,0.28125,-0.0066061476,0.28125,-0.006606104
0.283203125,0.6699759,0.283203125,0.6865974718613511,0.283203125,0.6865275,0.283203125,0.6865274,0.283203125,0.22003023,0.283203125,0.22003023
0.28515625,0.6230805,0.28515625,0.6912438000911793,0.28515625,0.69110805,0.28515625,0.69110817,0.28515625,0.44741744,0.28515625,0.44741744
0.287109375,0.54289204,0.287109375,0.6958790964718473,0.287109375,0.69568294,0.287109375,0.695683,0.287109375,0.6755347,0.287109375,0.67553484
0.2890625,0.43287486,0.2890625,0.7005027193148085,0.2890625,0.7002614,0.2890625,0.7002616,0.2890625,0.90439427,0.2890625,0.9043944
0.291015625,0.29818636,0.291015625,0.7051140247928407,0.291015625,0.704836,0.291015625,0.7048361,0.291015625,1.133979,0.291015625,1.133979
0.29296875,0.1454581,0.29296875,0.7097123670835371,0.29296875,0.70941836,0.29296875,0.7094185,0.29296875,1.3642933,0.29296875,1.3642935
0.294921875,-0.017512612,0.294921875,0.7142970985143537,0.294921875,0.71399695,0.294921875,0.713997,0.294921875,1.5953263,0.294921875,1.5953264
0.296875,-0.18214813,0.296875,0.7188675697091758,0.296875,0.7185831,0.296875,0.71858305,0.296875,1.8270746,0.296875,1.8270748
0.298828125,-0.33953506,0.298828125,0.723423129736356,0.298828125,0.7231636,0.298828125,0.7231638,0.298828125,2.059536,0.298828125,2.0595357
0.30078125,-0.48090577,0.30078125,0.7279631262581812,0.30078125,0.72774714,0.30078125,0.7277471,0.30078125,2.2926996,0.30078125,2.2926998
0.302734375,-0.5981313,0.302734375,0.7324869056817207,0.302734375,0.7323209,0.302734375,0.73232096,0.302734375,2.5265715,0.302734375,2.5265713
0.3046875,-0.68419826,0.3046875,0.7369938133110109,0.3046875,0.7368891,0.3046875,0.73688924,0.3046875,2.761137,0.3046875,2.761137
0.306640625,-0.73364186,0.306640625,0.7414831935005273,0.306640625,0.7414424,0.306640625,0.74144226,0.306640625,2.9964082,0.306640625,2.9964082
0.30859375,-0.7429078,0.30859375,0.7459543898098964,0.30859375,0.7459792,0.30859375,0.7459794,0.30859375,-3.0508153,0.30859375,-3.0508153
0.310546875,-0.7106194,0.310546875,0.7504067451597978,0.310546875,0.7504953,0.310546875,0.7504954,0.310546875,-2.8141472,0.310546875,-2.814147
0.3125,-0.6377289,0.3125,0.7548396019890073,0.3125,0.7549841,0.3125,0.75498414,0.3125,-2.5767853,0.3125,-2.5767853
0.314453125,-0.5275411,0.314453125,0.7592523024125294,0.314453125,0.7594465,0.314453125,0.75944644,0.314453125,-2.3387141,0.314453125,-2.3387141
0.31640625,-0.385599,0.31640625,0.763644188380767,0.31640625,0.7638725,0.31640625,0.7638725,0.31640625,-2.0999408,0.31640625,-2.0999405
0.318359375,-0.21943487,0.318359375,0.7680146018396783,0.318359375,0.768268,0.318359375,0.768268,0.318359375,-1.8604525,0.318359375,-1.8604524
0.3203125,-0.03819389,0.3203125,0.7723628848918654,0.3203125,0.7726218,0.3203125,0.7726217,0.3203125,-1.6202506,0.3203125,-1.6202505
0.322265625,0.14785272,0.322265625,0.7766883799585422,0.322265625,0.7769426,0.322265625,0.7769427,0.322265625,-1.3793279,0.322265625,-1.3793278
0.32421875,0.32788017,0.32421875,0.780990429942326,0.32421875,0.78122085,0.32421875,0.78122085,0.32421875,-1.1376791,0.32421875,-1.1376791
0.326171875,0.4911378,0.326171875,0.7852683783908001,0.326171875,0.78546643,0.326171875,0.7854664,0.326171875,-0.8953039,0.326171875,-0.8953039
0.328125,0.6275963,0.328125,0.7895215696607879,0.328125,0.7896725,0.328125,0.78967243,0.328125,-0.6521921,0.328125,-0.65219223
0.330078125,0.7285756,0.330078125,0.793749349083286,0.330078125,0.793848,0.330078125,0.7938481,0.330078125,-0.40835032,0.330078125,-0.4083503
0.33203125,0.7873139,0.33203125,0.7979510631289964,0.33203125,0.7979908,0.33203125,0.79799074,0.33203125,-0.16376619,0.33203125,-0.16376626
0.333984375,0.7994405,0.333984375,0.8021260595744024,0.333984375,0.80210614,0.333984375,0.80210614,0.333984375,0.08154948,0.333984375,0.08154959
0.3359375,0.763319,0.3359375,0.806273687668328,0.3359375,0.80619663,0.3359375,0.8061967,0.3359375,0.32760796,0.3359375,0.3276081
0.337890625,0.6802329,0.337890625,0.8103932982989244,0.337890625,0.8102636,0.337890625,0.8102636,0.337890625,0.57439625,0.337890625,0.57439613
0.33984375,0.554396,0.33984375,0.8144842441610229,0.33984375,0.8143128,0.33984375,0.8143128,0.33984375,0.8219223,0.33984375,0.8219222
0.341796875,0.3927803,0.341796875,0.818545879923796,0.341796875,0.8183405,0.341796875,0.8183406,0.341796875,1.0701739,0.341796875,1.0701739
0.34375,0.20476227,0.34375,0.8225775623986646,0.34375,0.82235533,0.34375,0.8223555,0.34375,1.319154,0.34375,1.319154
0.345703125,0.0016047555,0.345703125,0.8265786507073936,0.345703125,0.8263494,0.345703125,0.8263494,0.345703125,1.5688543,0.345703125,1.5688543
0.34765625,-0.20420042,0.34765625,0.8305485064503133,0.34765625,0.83033055,0.34765625,0.8303306,0.34765625,1.8192719,0.34765625,1.8192719
0.349609375,-0.39969218,0.349609375,0.8344864938746059,0.349609375,0.83428913,0.349609375,0.83428925,0.349609375,2.0704036,0.349609375,2.0704038
0.3515625,-0.5722573,0.3515625,0.8383919800425961,0.3515625,0.8382308,0.3515625,0.838231,0.3515625,2.3222427,0.3515625,2.322243
0.353515625,-0.71045375,0.353515625,0.8422643349999828,0.353515625,0.84214604,0.353515625,0.84214604,0.353515625,2.5747917,0.353515625,2.5747914
0.35546875,-0.8047869,0.35546875,0.8461029319439517,0.35546875,0.8460362,0.35546875,0.8460363,0.35546875,2.8280406,0.35546875,2.8280406
0.357421875,-0.84838545,0.357421875,0.8499071473911053,0.357421875,0.84989417,0.357421875,0.8498943,0.357421875,3.081997,0.357421875,3.081997
0.359375,-0.8375277,0.359375,0.8536763613451477,0.359375,0.8537173,0.359375,0.85371745,0.359375,-2.946534,0.359375,-2.9465337
0.361328125,-0.77197796,0.361328125,0.8574099574642624,0.361328125,0.85750204,0.361328125,0.8575021,0.361328125,-2.6911712,0.361328125,-2.6911712
0.36328125,-0.655102,0.36328125,0.8611073232281193,0.36328125,0.861242,0.36328125,0.86124206,0.36328125,-2.4351072,0.36328125,-2.435107
0.365234375,-0.493746,0.365234375,0.8647678501044497,0.365234375,0.8649381,0.365234375,0.8649382,0.365234375,-2.1783314,0.365234375,-2.1783316
0.3671875,-0.2978763,0.3671875,0.8683909337151228,0.3671875,0.868582,0.3671875,0.868582,0.3671875,-1.920847,0.3671875,-1.9208469
0.369140625,-0.07999672,0.369140625,0.8719759740016655,0.369140625,0.87217826,0.369140625,0.8721783,0.369140625,-1.6626459,0.369140625,-1.6626459
0.37109375,0.14562683,0.37109375,0.8755223753901581,0.37109375,0.875719,0.37109375,0.8757191,0.37109375,-1.4037261,0.37109375,-1.4037262
0.373046875,0.363888,0.373046875,0.8790295469554448,0.373046875,0.8792109,0.373046875,0.8792109,0.373046875,-1.144084,0.373046875,-1.144084
0.375,0.5598501,0.375,0.8824969025845955,0.375,0.88264805,0.375,0.8826482,0.375,-0.8837135,0.375,-0.8837135
0.376953125,0.71977794,0.376953125,0.8859238611395562,0.376953125,0.88603747,0.376953125,0.88603795,0.376953125,-0.62261575,0.376953125,-0.62261575
0.37890625,0.83212,0.37890625,0.8893098466189252,0.37890625,0.8893774,0.37890625,0.88937753,0.37890625,-0.36078313,0.37890625,-0.36078307
0.380859375,0.8883706,0.380859375,0.8926542883187905,0.380859375,0.892673,0.380859375,0.8926731,0.380859375,-0.098220535,0.380859375,-0.09822043
0.3828125,0.88374585,0.3828125,0.8959566209925681,0.3828125,0.89592576,0.3828125,0.89592576,0.3828125,0.1650794,0.3828125,0.16507955
0.384765625,0.81761944,0.384765625,0.8992162850097787,0.384765625,0.8991382,0.384765625,0.89913833,0.384765625,0.42910907,0.384765625,0.42910913
0.38671875,0.69367677,0.38671875,0.9024327265136972,0.38671875,0.9023147,0.38671875,0.90231496,0.38671875,0.69387347,0.38671875,0.6938735
0.388671875,0.51976776,0.388671875,0.905605397577818,0.388671875,0.9054548,0.388671875,0.9054548,0.388671875,0.9593645,0.388671875,0.9593643
0.390625,0.3074553,0.390625,0.90873375636107,0.390625,0.9085636,0.390625,0.90856385,0.390625,1.2255833,0.390625,1.2255836
0.392578125,0.071283266,0.392578125,0.9118172672617229,0.392578125,0.9116373,0.392578125,0.9116375,0.392578125,1.4925238,0.392578125,1.4925239
0.39453125,-0.17219527,0.39453125,0.9148554010699212,0.39453125,0.91468143,0.39453125,0.91468155,0.39453125,1.7601836,0.39453125,1.7601835
0.396484375,-0.40556556,0.396484375,0.9178476351187886,0.396484375,0.91768897,0.396484375,0.9176891,0.396484375,2.028559,0.396484375,2.0285592
0.3984375,-0.61179763,0.3984375,0.9207934534340386,0.3984375,0.92066365,0.3984375,0.9206636,0.3984375,2.297645,0.3984375,2.297645
0.400390625,-0.7755029,0.400390625,0.9236923468820338,0.400390625,0.9235982,0.400390625,0.9235983,0.400390625,2.5674422,0.400390625,2.5674424
0.40234375,-0.8841076,0.40234375,0.9265438133162348,0.40234375,0.92649275,0.40234375,0.9264929,0.40234375,2.837944,0.40234375,2.837944
0.404296875,-0.9288529,0.404296875,0.9293473577219784,0.404296875,0.92934173,0.404296875,0.929342,0.404296875,3.1091542,0.404296875,3.1091542
0.40625,-0.9055412,0.40625,0.9321024923595276,0.40625,0.932142,0.40625,0.9321421,0.40625,-2.9021177,0.40625,-2.9021177
0.408203125,-0.8149614,0.408203125,0.9348087369053348,0.408203125,0.93489033,0.408203125,0.93489033,0.408203125,-2.6294956,0.408203125,-2.6294954
0.41015625,-0.6629518,0.41015625,0.9374656185914628,0.41015625,0.9375812,0.41015625,0.93758124,0.41015625,-2.356167,0.41015625,-2.3561668
0.412109375,-0.4600824,0.412109375,0.940072672343106,0.412109375,0.940215,0.412109375,0.940215,0.412109375,-2.0821261,0.412109375,-2.0821261
0.4140625,-0.22096628,0.4140625,0.942629440914152,0.4140625,0.94278526,0.4140625,0.94278544,0.4140625,-1.8073729,0.4140625,-1.8073729
0.416015625,0.03675725,0.416015625,0.945135475020738,0.416015625,0.9452951,0.416015625,0.9452952,0.416015625,-1.5319022,0.416015625,-1.5319021
0.41796875,0.2937027,0.41796875,0.947590333472737,0.41796875,0.94773966,0.41796875,0.94773984,0.41796875,-1.2557107,0.41796875,-1.2557106
0.419921875,0.5301901,0.419921875,0.9499935833031248,0.419921875,0.9501234,0.419921875,0.9501237,0.419921875,-0.9787958,0.419921875,-0.9787957
0.421875,0.7277616,0.421875,0.9523447998951764,0.421875,0.9524442,0.421875,0.95244414,0.421875,-0.7011529,0.421875,-0.7011529
0.423828125,0.87064546,0.423828125,0.9546435671074354,0.423828125,0.95470667,0.423828125,0.9547066,0.423828125,-0.42278245,0.423828125,-0.42278236
0.42578125,0.947051,0.42578125,0.956889477396408,0.42578125,0.9569112,0.42578125,0.9569112,0.42578125,-0.1436792,0.42578125,-0.14367935
0.427734375,0.950186,0.427734375,0.95908213193693,0.427734375,0.9590618,0.427734375,0.9590618,0.427734375,0.13615313,0.427734375,0.13615316
0.4296875,0.8789071,0.4296875,0.9612211407401564,0.4296875,0.9611613,0.4296875,0.9611612,0.4296875,0.41671848,0.4296875,0.41671854
0.431640625,0.737937,0.431640625,0.963306122769126,0.431640625,0.96321136,0.431640625,0.96321136,0.431640625,0.6980118,0.431640625,0.6980118
0.43359375,0.5376198,0.43359375,0.9653367060518508,0.43359375,0.9652162,0.43359375,0.96521634,0.43359375,0.9800341,0.43359375,0.9800342
0.435546875,0.29321694,0.435546875,0.9673125277918884,0.435546875,0.967175,0.435546875,0.96717495,0.435546875,1.2627805,0.435546875,1.2627805
0.4375,0.023786174,0.4375,0.969233234476344,0.4375,0.96909106,0.4375,0.9690911,0.4375,1.546249,0.4375,1.546249
0.439453125,-0.24927726,0.439453125,0.9710984819812633,0.439453125,0.9709618,0.439453125,0.97096175,0.439453125,1.8304359,0.439453125,1.830436
0.44140625,-0.5039298,0.44140625,0.9729079356743676,0.44140625,0.97278875,0.44140625,0.9727888,0.44140625,2.1153378,0.44140625,2.1153378
0.443359375,-0.71926695,0.443359375,0.9746612705150948,0.443359375,0.97456795,0.443359375,0.97456783,0.443359375,2.4009526,0.443359375,2.4009526
0.4453125,-0.87726384,0.4453125,0.9763581711518942,0.4453125,0.9762983,0.4453125,0.9762983,0.4453125,2.6872764,0.4453125,2.6872764
0.447265625,-0.964324,0.447265625,0.9779983320167448,0.447265625,0.97797555,0.447265625,0.9779756,0.447265625,2.9743097,0.447265625,2.9743097
0.44921875,-0.9724992,0.44921875,0.9795814574168512,0.44921875,0.97959745,0.44921875,0.97959757,0.44921875,-3.0211358,0.44921875,-3.0211356
0.451171875,-0.9002696,0.451171875,0.98110726162348,0.451171875,0.98116,0.451171875,0.98116004,0.451171875,-2.7326865,0.451171875,-2.7326865
0.453125,-0.7528041,0.453125,0.9825754689579004,0.453125,0.98265946,0.453125,0.98265946,0.453125,-2.4435294,0.453125,-2.4435294
0.455078125,-0.5416625,0.455078125,0.9839858138743908,0.455078125,0.98409426,0.455078125,0.98409426,0.455078125,-2.1536603,0.455078125,-2.1536603
0.45703125,-0.28394863,0.45703125,0.9853380410402788,0.45703125,0.98546064,0.45703125,0.98546064,0.45703125,-1.8630781,0.45703125,-1.8630781
0.458984375,-0.0009695694,0.458984375,0.98663190541298,0.458984375,0.9867592,0.458984375,0.9867593,0.458984375,-1.5717789,0.458984375,-1.5717789
0.4609375,0.28349823,0.4609375,0.9878671723140005,0.4609375,0.9879872,0.4609375,0.98798734,0.4609375,-1.2797599,0.4609375,-1.27976
0.462890625,0.54519856,0.462890625,0.9890436174998756,0.462890625,0.98914754,0.462890625,0.98914766,0.462890625,-0.9870183,0.462890625,-0.98701835
0.46484375,0.7614755,0.46484375,0.9901610272300144,0.46484375,0.99023956,0.46484375,0.9902396,0.46484375,-0.6935505,0.46484375,-0.6935505
0.466796875,0.91326547,0.466796875,0.9912191983314173,0.466796875,0.9912666,0.466796875,0.99126655,0.466796875,-0.3993558,0.466796875,-0.39935583
0.46875,0.9868248,0.46875,0.9922179382602436,0.46875,0.9922305,0.46875,0.99223065,0.46875,-0.104431204,0.46875,-0.104431234
0.470703125,0.9750322,0.470703125,0.993157065160202,0.470703125,0.9931343,0.470703125,0.99313444,0.470703125,0.19122219,0.470703125,0.19122222
0.47265625,0.87814,0.47265625,0.9940364079177372,0.47265625,0.99398124,0.47265625,0.9939813,0.47265625,0.48760533,0.47265625,0.48760542
0.474609375,0.7038907,0.474609375,0.9948558062139916,0.474609375,0.9947734,0.474609375,0.99477345,0.474609375,0.78471595,0.474609375,0.784716
0.4765625,0.46697092,0.4765625,0.995615110573518,0.4765625,0.9955134,0.4765625,0.99551344,0.4765625,1.0825527,0.4765625,1.0825527
0.478515625,0.18783243,0.478515625,0.996314182409725,0.478515625,0.99620205,0.478515625,0.99620205,0.478515625,1.3811123,0.478515625,1.3811123
0.48046875,-0.10903131,0.48046875,0.9969528940670334,0.48046875,0.99684083,0.48046875,0.99684095,0.48046875,1.6803924,0.48046875,1.6803923
0.482421875,-0.39721248,0.482421875,0.9975311288597256,0.482421875,0.9974288,0.482421875,0.9974289,0.482421875,1.9803897,0.482421875,1.9803897
0.484375,-0.6507383,0.484375,0.9980487811074756,0.484375,0.9979652,0.484375,0.99796516,0.484375,2.2811015,0.484375,2.2811015
0.486328125,-0.84643435,0.486328125,0.9985057561675365,0.486328125,0.9984479,0.486328125,0.9984478,0.486328125,2.5825253,0.486328125,2.5825253
0.48828125,-0.9660853,0.48828125,0.998901970463582,0.48828125,0.9988743,0.48828125,0.9988745,0.48828125,2.8846595,0.48828125,2.8846593
0.490234375,-0.99818933,0.490234375,0.9992373515111788,0.490234375,0.9992422,0.490234375,0.9992423,0.490234375,-3.0956826,0.490234375,-3.0956824
0.4921875,-0.9391319,0.4921875,0.9995118379398894,0.4921875,0.999548,0.4921875,0.999548,0.4921875,-2.7921295,0.4921875,-2.7921295
0.494140625,-0.79365546,0.494140625,0.9997253795119864,0.494140625,0.99978864,0.494140625,0.9997887,0.494140625,-2.4878664,0.494140625,-2.4878664
0.49609375,-0.57456166,0.49609375,0.9998779371377774,0.49609375,0.9999624,0.49609375,0.99996215,0.49609375,-2.1828914,0.49609375,-2.1828914
0.498046875,-0.30165398,0.498046875,0.9999694828875316,0.498046875,1.0000665,0.498046875,1.0000666,0.498046875,-1.877202,0.498046875,-1.8772023
0.5,-3.9194887e-15,0.5,1.0,0.5,1.0001006,0.5,1.0001006,0.5,-1.5707964,0.5,-1.5707963
0.501953125,0.30233943,0.501953125,0.9999694828875316,0.501953125,1.0000644,0.501953125,1.0000644,0.501953125,-1.2636708,0.501953125,-1.2636708
0.50390625,0.57691294,0.50390625,0.9998779371377774,0.50390625,0.99995834,0.50390625,0.9999584,0.50390625,-0.9558226,0.50390625,-0.9558227
0.505859375,0.7975729,0.505859375,0.9997253795119864,0.505859375,0.999784,0.505859375,0.99978393,0.505859375,-0.6472497,0.505859375,-0.6472496
0.5078125,0.94300586,0.5078125,0.9995118379398894,0.5078125,0.99954385,0.5078125,0.99954367,0.5078125,-0.33795005,0.5078125,-0.33795
0.509765625,0.99885046,0.509765625,0.9992373515111788,0.509765625,0.9992399,0.509765625,0.9992399,0.509765625,-0.027922288,0.509765625,-0.027922312
0.51171875,0.959189,0.51171875,0.998901970463582,0.51171875,0.9988758,0.51171875,0.99887586,0.51171875,0.28283328,0.51171875,0.28283322
0.513671875,0.8272503,0.513671875,0.9985057561675365,0.513671875,0.99845386,0.513671875,0.9984539,0.513671875,0.59431684,0.513671875,0.59431684
0.515625,0.61523736,0.515625,0.9980487811074756,0.515625,0.9979765,0.515625,0.99797654,0.515625,0.9065259,0.515625,0.9065261
0.517578125,0.34327433,0.517578125,0.9975311288597256,0.517578125,0.9974463,0.517578125,0.9974463,0.517578125,1.2194595,0.517578125,1.2194595
0.51953125,0.037554707,0.51953125,0.9969528940670334,0.51953125,0.9968634,0.51953125,0.9968635,0.51953125,1.5331146,0.51953125,1.5331146
0.521484375,-0.2721449,0.521484375,0.996314182409725,0.521484375,0.9962294,0.521484375,0.99622947,0.521484375,1.8474883,0.521484375,1.8474883
0.5234375,-0.5553544,0.5234375,0.995615110573518,0.5234375,0.99554247,0.5234375,0.9955426,0.5234375,2.1625783,0.5234375,2.1625786
0.525390625,-0.7839241,0.525390625,0.9948558062139916,0.525390625,0.9948029,0.525390625,0.9948029,0.525390625,2.4783819,0.525390625,2.4783819
0.52734375,-0.9348649,0.52734375,0.9940364079177372,0.52734375,0.9940075,0.52734375,0.9940076,0.52734375,2.7948978,0.52734375,2.7948978
0.529296875,-0.9927234,0.529296875,0.993157065160202,0.529296875,0.9931547,0.529296875,0.99315464,0.529296875,3.112124,0.529296875,3.112124
0.53125,-0.9512428,0.53125,0.9922179382602436,0.53125,0.9922416,0.53125,0.9922416,0.53125,-2.853124,0.53125,-2.853124
0.533203125,-0.81412303,0.533203125,0.9912191983314173,0.533203125,0.9912657,0.533203125,0.9912657,0.533203125,-2.534476,0.533203125,-2.534476
0.53515625,-0.59478295,0.53515625,0.9901610272300144,0.53515625,0.99022585,0.53515625,0.990226,0.53515625,-2.2151148,0.53515625,-2.215115
0.537109375,-0.31512523,0.537109375,0.9890436174998756,0.537109375,0.9891189,0.537109375,0.9891191,0.537109375,-1.8950398,0.537109375,-1.8950397
0.5390625,-0.003409574,0.5390625,0.9878671723140005,0.5390625,0.9879463,0.5390625,0.9879462,0.5390625,-1.5742475,0.5390625,-1.5742474
0.541015625,0.30856764,0.541015625,0.98663190541298,0.541015625,0.9867054,0.541015625,0.9867056,0.541015625,-1.2527355,0.541015625,-1.2527356
0.54296875,0.58870894,0.54296875,0.9853380410402788,0.54296875,0.9853998,0.54296875,0.98539996,0.54296875,-0.9305019,0.54296875,-0.9305018
0.544921875,0.80793977,0.544921875,0.9839858138743908,0.544921875,0.98402894,0.544921875,0.9840291,0.544921875,-0.60754323,0.544921875,-0.60754323
0.546875,0.94327456,0.546875,0.9825754689579004,0.546875,0.9825966,0.546875,0.98259646,0.546875,-0.28385973,0.546875,-0.28385952
0.548828125,0.9802977,0.548828125,0.98110726162348,0.548828125,0.9811043,0.548828125,0.98110425,0.548828125,0.040551867,0.548828125,0.040551778
0.55078125,0.91478485,0.55078125,0.9795814574168512,0.55078125,0.9795554,0.55078125,0.97955555,0.55078125,0.36568898,0.55078125,0.36568892
0.552734375,0.7532743,0.552734375,0.9779983320167448,0.552734375,0.97795284,0.552734375,0.9779529,0.552734375,0.69155335,0.552734375,0.6915536
0.5546875,0.5125062,0.5546875,0.9763581711518942,0.5546875,0.9762976,0.5546875,0.9762976,0.5546875,1.0181415,0.5546875,1.0181415
0.556640625,0.21776417,0.556640625,0.9746612705150948,0.556640625,0.9745938,0.556640625,0.97459376,0.556640625,1.345453,0.556640625,1.345453
0.55859375,-0.09972355,0.55859375,0.9729079356743676,0.55859375,0.97283924,0.55859375,0.97283924,0.55859375,1.6734844,0.55859375,1.6734843
0.560546875,-0.40606514,0.560546875,0.9710984819812633,0.560546875,0.97103745,0.560546875,0.97103745,0.560546875,2.0022335,0.560546875,2.0022335
0.5625,-0.6683256,0.5625,0.969233234476344,0.5625,0.9691846,0.5625,0.96918434,0.5625,2.3316987,0.5625,2.331699
0.564453125,-0.8581011,0.564453125,0.9673125277918884,0.564453125,0.9672824,0.564453125,0.9672824,0.564453125,2.661876,0.564453125,2.661876
0.56640625,-0.95465624,0.56640625,0.9653367060518508,0.56640625,0.965327,0.56640625,0.96532696,0.56640625,2.9927678,0.56640625,2.9927676
0.568359375,-0.9472715,0.568359375,0.963306122769126,0.568359375,0.9633176,0.568359375,0.9633176,0.568359375,-2.9588163,0.568359375,-2.9588165
0.5703125,-0.83652765,0.5703125,0.9612211407401564,0.5703125,0.9612524,0.5703125,0.9612524,0.5703125,-2.626501,0.5703125,-2.626501
0.572265625,-0.6343634,0.572265625,0.95908213193693,0.572265625,0.9591282,0.572265625,0.95912814,0.572265625,-2.2934747,0.572265625,-2.2934744
0.57421875,-0.36287767,0.57421875,0.956889477396408,0.57421875,0.95694643,0.57421875,0.9569466,0.57421875,-1.9597318,0.57421875,-1.959732
0.576171875,-0.05198353,0.576171875,0.9546435671074354,0.576171875,0.9547031,0.576171875,0.9547032,0.576171875,-1.6252732,0.576171875,-1.6252731
0.578125,0.2638434,0.578125,0.9523447998951764,0.578125,0.9524022,0.578125,0.95240235,0.578125,-1.2900953,0.578125,-1.2900952
0.580078125,0.54937583,0.580078125,0.9499935833031248,0.580078125,0.95004076,0.580078125,0.95004076,0.580078125,-0.9541952,0.580078125,-0.9541952
0.58203125,0.77258474,0.58203125,0.947590333472737,0.58203125,0.947624,0.58203125,0.9476239,0.58203125,-0.61757296,0.58203125,-0.61757314
0.583984375,0.9082839,0.583984375,0.945135475020738,0.583984375,0.9451509,0.583984375,0.94515085,0.583984375,-0.28022406,0.583984375,-0.28022403
0.5859375,0.9410494,0.5859375,0.942629440914152,0.5859375,0.94262594,0.5859375,0.9426261,0.5859375,0.057848137,0.5859375,0.057848174
0.587890625,0.867067,0.587890625,0.940072672343106,0.587890625,0.94005173,0.587890625,0.94005173,0.587890625,0.39664847,0.587890625,0.39664856
0.58984375,0.6946766,0.58984375,0.9374656185914628,0.58984375,0.9374291,0.58984375,0.9374291,0.58984375,0.7361718,0.58984375,0.73617166
0.591796875,0.44352835,0.591796875,0.9348087369053348,0.591796875,0.93476266,0.591796875,0.93476284,0.591796875,1.0764205,0.591796875,1.0764205
0.59375,0.14242263,0.59375,0.9321024923595276,0.59375,0.93205035,0.59375,0.9320503,0.59375,1.4173895,0.59375,1.4173896
0.595703125,-0.1739384,0.595703125,0.9293473577219784,0.595703125,0.92929775,0.595703125,0.92929775,0.595703125,1.7590785,0.595703125,1.7590786
0.59765625,-0.4689275,0.59765625,0.9265438133162348,0.59765625,0.9264998,0.59765625,0.92649984,0.59765625,2.1014857,0.59765625,2.1014857
0.599609375,-0.70824516,0.599609375,0.9236923468820338,0.599609375,0.92366105,0.599609375,0.923661,0.599609375,2.4446068,0.599609375,2.4446068
0.6015625,-0.86395377,0.6015625,0.9207934534340386,0.6015625,0.92077625,0.6015625,0.9207763,0.6015625,2.7884438,0.6015625,2.7884438
0.603515625,-0.9178133,0.603515625,0.9178476351187886,0.603515625,0.9178472,0.603515625,0.9178473,0.603515625,3.1329913,0.603515625,3.1329913
0.60546875,-0.86351264,0.60546875,0.9148554010699212,0.60546875,0.91487116,0.60546875,0.9148713,0.60546875,-2.8049304,0.60546875,-2.8049307
0.607421875,-0.7075126,0.607421875,0.9118172672617229,0.607421875,0.91184604,0.607421875,0.9118461,0.607421875,-2.4589567,0.607421875,-2.4589562
0.609375,-0.46837762,0.609375,0.90873375636107,0.609375,0.9087733,0.609375,0.90877336,0.609375,-2.1122653,0.609375,-2.112265
0.611328125,-0.17465195,0.611328125,0.905605397577818,0.611328125,0.9056482,0.611328125,0.9056483,0.611328125,-1.7648597,0.611328125,-1.7648594
0.61328125,0.13848768,0.61328125,0.9024327265136972,0.61328125,0.90247667,0.61328125,0.9024768,0.61328125,-1.4167349,0.61328125,-1.4167347
0.615234375,0.43341756,0.615234375,0.8992162850097787,0.615234375,0.8992531,0.615234375,0.8992531,0.615234375,-1.0678889,0.615234375,-1.0678887
0.6171875,0.6745966,0.6171875,0.8959566209925681,0.6171875,0.8959847,0.6171875,0.8959849,0.6171875,-0.71832275,0.6171875,-0.7183225
0.619140625,0.8328939,0.619140625,0.8926542883187905,0.619140625,0.8926688,0.619140625,0.89266866,0.619140625,-0.36803,0.619140625,-0.36802998
0.62109375,0.8891818,0.62109375,0.8893098466189252,0.62109375,0.88931066,0.62109375,0.8893106,0.62109375,-0.01701614,0.62109375,-0.017016226
0.623046875,0.83674335,0.623046875,0.8859238611395562,0.623046875,0.885911,0.623046875,0.8859112,0.623046875,0.33472595,0.623046875,0.33472598
0.625,0.68217933,0.625,0.8824969025845955,0.625,0.8824716,0.625,0.8824716,0.625,0.6871884,0.625,0.68718857
0.626953125,0.44468042,0.626953125,0.8790295469554448,0.626953125,0.8789974,0.626953125,0.8789974,0.626953125,1.040377,0.626953125,1.0403771
0.62890625,0.15373178,0.62890625,0.8755223753901581,0.62890625,0.8754845,0.62890625,0.87548465,0.62890625,1.394285,0.62890625,1.394285
0.630859375,-0.15448742,0.630859375,0.8719759740016655,0.630859375,0.87194085,0.630859375,0.871941,0.630859375,1.748913,0.630859375,1.748913
0.6328125,-0.44157675,0.6328125,0.8683909337151228,0.6328125,0.86835915,0.6328125,0.86835927,0.6328125,2.1042597,0.6328125,2.1042597
0.634765625,-0.67171067,0.634765625,0.8647678501044497,0.634765625,0.8647464,0.634765625,0.86474645,0.634765625,2.46032,0.634765625,2.46032
0.63671875,-0.81615734,0.63671875,0.8611073232281193,0.63671875,0.8610962,0.63671875,0.8610962,0.63671875,2.8170989,0.63671875,2.8170989
0.638671875,-0.8569444,0.638671875,0.8574099574642624,0.638671875,0.857411,0.638671875,0.8574112,0.638671875,-3.108598,0.638671875,-3.108598
0.640625,-0.78919435,0.640625,0.8536763613451477,0.640625,0.8536894,0.640625,0.85368943,0.640625,-2.7503908,0.640625,-2.7503908
0.642578125,-0.62181395,0.642578125,0.8499071473911053,0.642578125,0.8499283,0.642578125,0.8499285,0.642578125,-2.3914733,0.642578125,-2.3914733
0.64453125,-0.37642702,0.64453125,0.8461029319439517,0.64453125,0.84613216,0.64453125,0.8461322,0.64453125,-2.031836,0.64453125,-2.0318363
0.646484375,-0.08466559,0.646484375,0.8422643349999828,0.646484375,0.84229386,0.646484375,0.842294,0.646484375,-1.6714842,0.646484375,-1.6714841
0.6484375,0.21585286,0.6484375,0.8383919800425961,0.6484375,0.8384222,0.6484375,0.8384222,0.6484375,-1.3104126,0.6484375,-1.3104126
0.650390625,0.48635694,0.650390625,0.8344864938746059,0.650390625,0.8345093,0.650390625,0.83450955,0.650390625,-0.9486191,0.650390625,-0.9486191
0.65234375,0.6919442,0.65234375,0.8305485064503133,0.65234375,0.830565,0.65234375,0.8305651,0.65234375,-0.5861065,0.65234375,-0.5861065
0.654296875,0.80614144,0.654296875,0.8265786507073936,0.654296875,0.82658464,0.654296875,0.8265846,0.654296875,-0.2228664,0.654296875,-0.2228665
0.65625,0.81439966,0.65625,0.8225775623986646,0.65625,0.8225735,0.65625,0.82257366,0.65625,0.14109187,0.65625,0.14109175
0.658203125,0.716051,0.658203125,0.818545879923796,0.658203125,0.8185334,0.658203125,0.81853354,0.658203125,0.5057787,0.658203125,0.5057789
0.66015625,0.5244504,0.66015625,0.8144842441610229,0.66015625,0.8144633,0.66015625,0.8144635,0.66015625,0.87118375,0.66015625,0.8711835
0.662109375,0.26526338,0.662109375,0.8103932982989244,0.662109375,0.8103704,0.662109375,0.81037056,0.662109375,1.2373135,0.662109375,1.2373135
0.6640625,-0.02689559,0.6640625,0.806273687668328,0.6640625,0.80624753,0.6640625,0.8062478,0.6640625,1.6041615,0.6640625,1.6041614
0.666015625,-0.31304237,0.666015625,0.8021260595744024,0.666015625,0.8021049,0.666015625,0.802105,0.666015625,1.9717277,0.666015625,1.9717276
0.66796875,-0.5550208,0.66796875,0.7979510631289964,0.66796875,0.79793316,0.66796875,0.7979333,0.66796875,2.3400135,0.66796875,2.3400133
0.669921875,-0.72062606,0.669921875,0.793749349083286,0.669921875,0.79374015,0.669921875,0.7937406,0.669921875,2.7090108,0.669921875,2.7090108
0.671875,-0.7879606,0.671875,0.7895215696607879,0.671875,0.7895201,0.671875,0.78952014,0.671875,3.0787292,0.671875,3.0787292
0.673828125,-0.74842465,0.673828125,0.7852683783908001,0.673828125,0.78527457,0.673828125,0.78527457,0.673828125,-2.8340285,0.673828125,-2.8340287
0.67578125,-0.60791934,0.67578125,0.780990429942326,0.67578125,0.78100455,0.67578125,0.78100467,0.67578125,-2.4628794,0.67578125,-2.4628797
0.677734375,-0.38607955,0.677734375,0.7766883799585422,0.677734375,0.776705,0.677734375,0.77670515,0.677734375,-2.0910192,0.677734375,-2.0910192
0.6796875,-0.11362216,0.6796875,0.7723628848918654,0.6796875,0.77238405,0.6796875,0.77238417,0.6796875,-1.7184378,0.6796875,-1.7184379
0.681640625,0.17184523,0.681640625,0.7680146018396783,0.681640625,0.7680322,0.681640625,0.7680323,0.681640625,-1.3451385,0.681640625,-1.3451388
0.68359375,0.43099093,0.68359375,0.763644188380767,0.68359375,0.763661,0.68359375,0.76366115,0.68359375,-0.9711207,0.68359375,-0.97112083
0.685546875,0.62819475,0.685546875,0.7592523024125294,0.685546875,0.7592619,0.685546875,0.75926197,0.685546875,-0.5963774,0.685546875,-0.5963774
0.6875,0.7364986,0.6875,0.7548396019890073,0.6875,0.7548438,0.6875,0.7548438,0.6875,-0.22091821,0.6875,-0.22091824
0.689453125,0.7413767,0.689453125,0.7504067451597978,0.689453125,0.75040424,0.689453125,0.7504042,0.689453125,0.15527071,0.689453125,0.15527056
0.69140625,0.64278525,0.69140625,0.7459543898098964,0.69140625,0.745945,0.69140625,0.74594504,0.69140625,0.53217435,0.69140625,0.532174
0.693359375,0.45518848,0.693359375,0.7414831935005273,0.693359375,0.7414714,0.693359375,0.74147147,0.693359375,0.909806,0.693359375,0.9098059
0.6953125,0.20553872,0.6953125,0.7369938133110109,0.6953125,0.7369771,0.6953125,0.73697704,0.6953125,1.2881539,0.6953125,1.2881536
0.697265625,-0.07052071,0.697265625,0.7324869056817207,0.697265625,0.732473,0.697265625,0.7324731,0.697265625,1.6672232,0.697265625,1.6672231
0.69921875,-0.33370548,0.69921875,0.7279631262581812,0.69921875,0.72794855,0.69921875,0.7279485,0.69921875,2.0470119,0.69921875,2.0470119
0.701171875,-0.54668236,0.701171875,0.723423129736356,0.701171875,0.7234147,0.701171875,0.7234146,0.701171875,2.4275143,0.701171875,2.4275143
0.703125,-0.67940694,0.703125,0.7188675697091758,0.703125,0.7188623,0.703125,0.71886235,0.703125,2.8087397,0.703125,2.8087397
0.705078125,-0.71343756,0.705078125,0.7142970985143537,0.705078125,0.7142977,0.705078125,0.7142977,0.705078125,-3.0925124,0.705078125,-3.0925124
0.70703125,-0.6445945,0.70703125,0.7097123670835371,0.70703125,0.7097187,0.70703125,0.7097185,0.70703125,-2.709854,0.70703125,-2.709854
0.708984375,-0.48356664,0.708984375,0.7051140247928407,0.708984375,0.7051223,0.708984375,0.70512223,0.708984375,-2.3264866,0.708984375,-2.3264866
0.7109375,-0.2543617,0.7109375,0.7005027193148085,0.7109375,0.7005161,0.7109375,0.7005159,0.7109375,-1.9423957,0.7109375,-1.9423957
0.712890625,0.009189941,0.712890625,0.6958790964718473,0.712890625,0.69588953,0.712890625,0.6958895,0.712890625,-1.5575899,0.712890625,-1.55759
0.71484375,0.26838005,0.71484375,0.6912438000911793,0.71484375,0.6912564,0.71484375,0.69125646,0.71484375,-1.1720649,0.71484375,-1.1720648
0.716796875,0.48529986,0.716796875,0.6865974718613511,0.716796875,0.6866044,0.716796875,0.6866044,0.716796875,-0.78581583,0.716796875,-0.7858158
0.71875,0.62841797,0.71875,0.6819407511903481,0.71875,0.68194586,0.71875,0.6819459,0.71875,-0.39885283,0.71875,-0.3988527
0.720703125,0.6772322,0.720703125,0.6772742750653497,0.720703125,0.67727435,0.720703125,0.67727435,0.720703125,-0.011159078,0.720703125,-0.011158936
0.72265625,0.625299,0.72265625,0.6725986779141678,0.72265625,0.6725942,0.72265625,0.6725941,0.72265625,0.37724593,0.72265625,0.37724593
0.724609375,0.48117784,0.724609375,0.667914591468409,0.724609375,0.6679086,0.724609375,0.6679086,0.724609375,0.7663818,0.724609375,0.7663818
0.7265625,0.2671366,0.7265625,0.6632226446283954,0.7265625,0.66321146,0.7265625,0.66321164,0.7265625,1.1562307,0.7265625,1.1562306
0.728515625,0.015798055,0.728515625,0.6585234633298845,0.728515625,0.6585154,0.728515625,0.65851545,0.728515625,1.5468036,0.728515625,1.5468036
0.73046875,-0.2347793,0.73046875,0.6538176704126216,0.73046875,0.65380657,0.73046875,0.6538067,0.73046875,1.9380952,0.73046875,1.9380955
0.732421875,-0.44685188,0.732421875,0.649105885490762,0.732421875,0.64910024,0.732421875,0.64910024,0.732421875,2.330101,0.732421875,2.330101
0.734375,-0.5887052,0.734375,0.6443887248251953,0.734375,0.64438397,0.734375,0.644384,0.734375,2.7228324,0.734375,2.7228322
0.736328125,-0.6394615,0.736328125,0.639666801197806,0.736328125,0.63966656,0.736328125,0.63966674,0.736328125,3.1162696,0.736328125,3.1162696
0.73828125,-0.59224164,0.73828125,0.6349407237877013,0.73828125,0.63494486,0.73828125,0.6349448,0.73828125,-2.7727494,0.73828125,-2.7727497
0.740234375,-0.45518723,0.740234375,0.6302110980494382,0.740234375,0.63021594,0.740234375,0.6302162,0.740234375,-2.3778777,0.740234375,-2.377878
0.7421875,-0.25017622,0.7421875,0.6254785255932782,0.7421875,0.6254888,0.7421875,0.625489,0.7421875,-1.9822795,0.7421875,-1.9822794
0.744140625,-0.009417579,0.744140625,0.6207436040675001,0.744140625,0.62075055,0.744140625,0.62075067,0.744140625,-1.585968,0.744140625,-1.585968
0.74609375,0.22955628,0.74609375,0.6160069270427959,0.74609375,0.6160173,0.74609375,0.6160175,0.74609375,-1.1889379,0.74609375,-1.1889377
0.748046875,0.42972857,0.748046875,0.6112690838987801,0.748046875,0.6112741,0.748046875,0.6112741,0.748046875,-0.7911829,0.748046875,-0.79118264
0.75,0.56036127,0.75,0.6065306597126334,0.75,0.606535,0.75,0.60653496,0.75,-0.39271638,0.75,-0.39271653
0.751953125,0.6017795,0.751953125,0.6017922351499091,0.751953125,0.60179216,0.751953125,0.6017922,0.751953125,0.0064835586,0.751953125,0.00648362
0.75390625,0.5484221,0.75390625,0.5970543863575224,0.75390625,0.59704983,0.75390625,0.5970497,0.75390625,0.40639105,0.75390625,0.4063911
0.755859375,0.40966946,0.755859375,0.5923176848589471,0.755859375,0.5923122,0.755859375,0.59231234,0.755859375,0.8070331,0.755859375,0.80703306
0.7578125,0.20831108,0.7578125,0.5875826974516385,0.7578125,0.58757144,0.7578125,0.5875713,0.7578125,1.2083862,0.7578125,1.208386
0.759765625,-0.023114305,0.759765625,0.5828499861067042,0.759765625,0.58284223,0.759765625,0.5828424,0.759765625,1.6104647,0.759765625,1.6104645
0.76171875,-0.24752888,0.76171875,0.5781201078708403,0.76171875,0.5781086,0.76171875,0.5781088,0.76171875,2.0132632,0.76171875,2.0132635
0.763671875,-0.42924947,0.763671875,0.5733936147705517,0.763671875,0.5733882,0.763671875,0.57338804,0.763671875,2.4167733,0.763671875,2.4167733
0.765625,-0.5396949,0.765625,0.568671053718672,0.765625,0.5686669,0.765625,0.5686669,0.765625,2.8210127,0.765625,2.8210125
0.767578125,-0.5619482,0.767578125,0.563952966423199,0.767578125,0.56395364,0.767578125,0.56395376,0.767578125,-3.0572324,0.767578125,-3.0572321
0.76953125,-0.49343285,0.76953125,0.5592398892984604,0.76953125,0.5592466,0.76953125,0.5592466,0.76953125,-2.6515594,0.76953125,-2.6515596
0.771484375,-0.3462661,0.771484375,0.554532353378622,0.771484375,0.55453974,0.771484375,0.5545398,0.771484375,-2.2451859,0.771484375,-2.2451859
0.7734375,-0.14522386,0.7734375,0.5498308842335518,0.7734375,0.54984546,0.7734375,0.5498454,0.7734375,-1.8380853,0.7734375,-1.8380853
0.775390625,0.07635445,0.775390625,0.5451360018870492,0.775390625,0.5451464,0.775390625,0.5451464,0.775390625,-1.4302721,0.775390625,-1.4302721
0.77734375,0.28205642,0.77734375,0.5404482207374518,0.77734375,0.5404621,0.77734375,0.5404621,0.77734375,-1.0217429,0.77734375,-1.0217428
0.779296875,0.43838307,0.779296875,0.5357680494806247,0.779296875,0.53577477,0.779296875,0.5357748,0.779296875,-0.61248356,0.779296875,-0.6124836
0.78125,0.52024555,0.78125,0.5310959910353452,0.78125,0.5310995,0.78125,0.53109956,0.78125,-0.20251787,0.78125,-0.20251772
0.783203125,0.5150625,0.783203125,0.5264325424710844,0.783203125,0.52642983,0.783203125,0.5264297,0.783203125,0.20818974,0.783203125,0.20818974
0.78515625,0.42477545,0.78515625,0.5217781949381947,0.78515625,0.5217671,0.78515625,0.52176714,0.78515625,0.6196023,0.78515625,0.61960244
0.787109375,0.26544496,0.787109375,0.5171334336005063,0.787109375,0.5171211,0.787109375,0.51712096,0.787109375,1.0317554,0.787109375,1.0317556
0.7890625,0.064490505,0.7890625,0.5124987375703365,0.7890625,0.51247793,0.7890625,0.5124777,0.7890625,1.4446214,0.7890625,1.4446213
0.791015625,-0.14396481,0.791015625,0.5078745798459132,0.791015625,0.5078588,0.791015625,0.50785893,0.791015625,1.858211,0.791015625,1.858211
0.79296875,-0.32486394,0.79296875,0.5032614272512166,0.79296875,0.50324386,0.79296875,0.5032438,0.79296875,2.2725263,0.79296875,2.2725265
0.794921875,-0.44812754,0.794921875,0.4986597403782348,0.794921875,0.49865162,0.794921875,0.49865174,0.794921875,2.6875436,0.794921875,2.6875436
0.796875,-0.4937067,0.796875,0.4940699735316383,0.796875,0.49406904,0.796875,0.49406895,0.796875,3.1032946,0.796875,3.1032946
0.798828125,-0.45491818,0.798828125,0.489492574675866,0.798828125,0.48950028,0.798828125,0.48950025,0.798828125,-2.7634509,0.798828125,-2.7634509
0.80078125,-0.3394931,0.80078125,0.4849279853846237,0.80078125,0.48494804,0.80078125,0.48494813,0.80078125,-2.346279,0.80078125,-2.346279
0.802734375,-0.16815978,0.802734375,0.4803766407927906,0.802734375,0.48039863,0.802734375,0.48039863,0.802734375,-1.9284128,0.802734375,-1.9284123
0.8046875,0.028996656,0.8046875,0.4758389695507272,0.8046875,0.47587016,0.8046875,0.47586998,0.8046875,-1.5098245,0.8046875,-1.5098246
0.806640625,0.21777062,0.806640625,0.4713153937809811,0.806640625,0.47133884,0.806640625,0.47133887,0.806640625,-1.0905185,0.806640625,-1.0905185
0.80859375,0.36576375,0.80859375,0.466806329037383,0.80859375,0.46682766,0.80859375,0.46682772,0.80859375,-0.6705032,0.80859375,-0.670503
0.810546875,0.44797668,0.810546875,0.4623121842665254,0.810546875,0.46231955,0.810546875,0.46231958,0.810546875,-0.24974182,0.810546875,-0.24974169
0.8125,0.451093,0.8125,0.4578333617716142,0.8125,0.45782682,0.8125,0.4578268,0.8125,0.17172377,0.8125,0.171724
0.814453125,0.37570927,0.814453125,0.4533702571786865,0.814453125,0.45335153,0.814453125,0.45335147,0.814453125,0.5939486,0.814453125,0.59394896
0.81640625,0.23612311,0.81640625,0.4489232594051811,0.81640625,0.44888732,0.81640625,0.44888735,0.81640625,1.0168837,0.81640625,1.0168841
0.818359375,0.057718657,0.818359375,0.4444927506308517,0.818359375,0.44445527,0.818359375,0.4444554,0.818359375,1.4405646,0.818359375,1.4405649
0.8203125,-0.12758671,0.8203125,0.4400791062710118,0.8203125,0.44003427,0.8203125,0.4400343,0.8203125,1.8649677,0.8203125,1.8649682
0.822265625,-0.28702733,0.822265625,0.4356826949520951,0.822265625,0.4356508,0.822265625,0.43565074,0.822265625,2.2900815,0.822265625,2.2900817
0.82421875,-0.39279652,0.82421875,0.4313038784895203,0.82421875,0.43128234,0.82421875,0.4312825,0.82421875,2.715927,0.82421875,2.715927
0.826171875,-0.42694288,0.826171875,0.4269430118678444,0.826171875,0.42694297,0.826171875,0.42694303,0.826171875,-3.1407385,0.826171875,-3.1407382
0.828125,-0.3844843,0.828125,0.4226004432231888,0.828125,0.42262426,0.828125,0.42262435,0.828125,-2.713488,0.828125,-2.7134879
0.830078125,-0.27418482,0.830078125,0.4182765138279213,0.830078125,0.4183167,0.830078125,0.4183167,0.830078125,-2.285572,0.830078125,-2.2855718
0.83203125,-0.116861194,0.83203125,0.4139715580775785,0.83203125,0.41403282,0.83203125,0.4140328,0.83203125,-1.8569359,0.83203125,-1.8569361
0.833984375,0.058471378,0.833984375,0.4096859034800082,0.833984375,0.40974486,0.833984375,0.40974495,0.833984375,-1.4276054,0.833984375,-1.4276055
0.8359375,0.21991135,0.8359375,0.405419870646715,0.8359375,0.4054793,0.8359375,0.40547937,0.8359375,-0.9975658,0.8359375,-0.9975656
0.837890625,0.33847448,0.837890625,0.4011737732863884,0.837890625,0.40120962,0.837890625,0.40120968,0.837890625,-0.5667783,0.837890625,-0.5667783
0.83984375,0.39333162,0.83984375,0.3969479182005944,0.83984375,0.39695853,0.83984375,0.3969585,0.83984375,-0.13528208,0.83984375,-0.13528201
0.841796875,0.3755266,0.841796875,0.3927426052816075,0.841796875,0.3927208,0.841796875,0.39272085,0.841796875,0.29700333,0.841796875,0.29700315
0.84375,0.28949827,0.84375,0.3885581275123641,0.84375,0.38850015,0.84375,0.3885002,0.84375,0.7300081,0.84375,0.7300083
0.845703125,0.1521341,0.845703125,0.3843947709685128,0.845703125,0.38431832,0.845703125,0.3843183,0.845703125,1.1637981,0.845703125,1.1637981
0.84765625,-0.010461633,0.84765625,0.3802528148225402,0.84765625,0.38015664,0.84765625,0.38015658,0.84765625,1.5983189,0.84765625,1.5983188
0.849609375,-0.16788025,0.849609375,0.376132531349947,0.849609375,0.3760495,0.849609375,0.37604943,0.849609375,2.0335698,0.849609375,2.0335696
0.8515625,-0.29108396,0.8515625,0.3720341859374524,0.8515625,0.37196764,0.8515625,0.3719677,0.8515625,2.4695501,0.8515625,2.4695501
0.853515625,-0.35778597,0.853515625,0.3679580370931993,0.853515625,0.36793393,0.853515625,0.3679339,0.853515625,2.9061844,0.853515625,2.9061847
0.85546875,-0.3565327,0.85546875,0.3639043364589369,0.85546875,0.3639281,0.85546875,0.36392802,0.85546875,-2.9396517,0.85546875,-2.9396517
0.857421875,-0.28872892,0.857421875,0.3598733288241545,0.857421875,0.3599423,0.857421875,0.3599423,0.857421875,-2.5016894,0.857421875,-2.5016897
0.859375,-0.16823496,0.859375,0.3558652521421384,0.859375,0.35598075,0.859375,0.35598084,0.859375,-2.0630298,0.859375,-2.0630302
0.861328125,-0.018622061,0.861328125,0.351880337547927,0.861328125,0.35200876,0.861328125,0.3520088,0.861328125,-1.6237231,0.861328125,-1.6237235
0.86328125,0.13138421,0.86328125,0.3479188093781352,0.86328125,0.34805337,0.86328125,0.3480534,0.86328125,-1.18372,0.86328125,-1.1837196
0.865234375,0.25340065,0.865234375,0.3439808851926204,0.865234375,0.34407783,0.865234375,0.34407768,0.865234375,-0.7429691,0.865234375,-0.7429692
0.8671875,0.32477313,0.8671875,0.3400667757979612,0.8671875,0.34011456,0.8671875,0.34011462,0.8671875,-0.30149603,0.8671875,-0.30149588
0.869140625,0.33282655,0.869140625,0.3361766852727216,0.869140625,0.33615428,0.869140625,0.33615428,0.869140625,0.14082459,0.869140625,0.14082448
0.87109375,0.2771706,0.87109375,0.3323108109944678,0.87109375,0.33221242,0.87109375,0.33221227,0.87109375,0.5839025,0.87109375,0.5839021
0.873046875,0.16962944,0.873046875,0.328469343668512,0.873046875,0.32831725,0.873046875,0.3283172,0.873046875,1.0278472,0.873046875,1.0278469
0.875,0.031821508,0.875,0.3246524673583497,0.875,0.3244554,0.875,0.3244554,0.875,1.4725621,0.875,1.4725618
0.876953125,-0.10912942,0.876953125,0.3208603595177615,0.876953125,0.3206743,0.876953125,0.32067445,0.876953125,1.9180453,0.876953125,1.9180459
0.87890625,-0.22591054,0.87890625,0.3170931910245482,0.87890625,0.316939,0.87890625,0.3169389,0.87890625,2.3642623,0.87890625,2.3642626
0.880859375,-0.29632422,0.880859375,0.3133511262158683,0.880859375,0.3132795,0.880859375,0.31327945,0.880859375,2.8110855,0.880859375,2.8110857
0.8828125,-0.3075463,0.8828125,0.3096343229251447,0.8828125,0.30966273,0.8828125,0.3096628,0.8828125,-3.024611,0.8828125,-3.024611
0.884765625,-0.2585123,0.884765625,0.3059429325205116,0.884765625,0.30607438,0.884765625,0.30607438,0.884765625,-2.5766253,0.884765625,-2.576625
0.88671875,-0.15997541,0.88671875,0.302277099944766,0.88671875,0.30250725,0.88671875,0.30250722,0.88671875,-2.1280198,0.88671875,-2.1280198
0.888671875,-0.032240488,0.888671875,0.2986369637567949,0.888671875,0.29890937,0.888671875,0.29890928,0.888671875,-1.6788672,0.888671875,-1.6788669
0.890625,0.09896392,0.890625,0.2950226561744428,0.890625,0.29530683,0.890625,0.29530695,0.890625,-1.2290615,0.890625,-1.2290616
0.892578125,0.20764478,0.892578125,0.2914343031187876,0.892578125,0.29164886,0.892578125,0.29164892,0.892578125,-0.7784991,0.892578125,-0.7784995
0.89453125,0.27270392,0.89453125,0.2878720242597923,0.89453125,0.2879797,0.89453125,0.2879799,0.89453125,-0.32717142,0.89453125,-0.3271716
0.896484375,0.28206977,0.896484375,0.2843359330632991,0.896484375,0.28429306,0.896484375,0.28429314,0.896484375,0.12514605,0.896484375,0.12514612
0.8984375,0.23498346,0.8984375,0.2808261368393309,0.8984375,0.28062123,0.8984375,0.28062135,0.8984375,0.5783446,0.8984375,0.5783447
0.900390625,0.14199495,0.900390625,0.2773427367916697,0.900390625,0.27701488,0.900390625,0.2770148,0.900390625,1.0325979,0.900390625,1.0325981
0.90234375,0.022687554,0.90234375,0.273885828068675,0.90234375,0.27346945,0.90234375,0.27346936,0.90234375,1.4877391,0.90234375,1.4877388
0.904296875,-0.098393135,0.904296875,0.2704554998153103,0.904296875,0.2700573,0.904296875,0.27005735,0.904296875,1.9437221,0.904296875,1.9437219
0.90625,-0.19676822,0.90625,0.2670518352263433,0.90625,0.26673624,0.90625,0.26673627,0.90625,2.4004364,0.90625,2.400436
0.908203125,-0.25298467,0.908203125,0.263674911600686,0.908203125,0.26354024,0.908203125,0.2635404,0.908203125,2.8576097,0.908203125,2.8576097
0.91015625,-0.25649646,0.91015625,0.2603248003968401,0.91015625,0.2604146,0.91015625,0.26041463,0.91015625,-2.9679036,0.91015625,-2.9679036
0.912109375,-0.20768449,0.912109375,0.2570015672894136,0.912109375,0.25731897,0.912109375,0.2573191,0.912109375,-2.5100355,0.912109375,-2.5100355
0.9140625,-0.11761767,0.9140625,0.2537052722266759,0.9140625,0.2542255,0.9140625,0.25422546,0.9140625,-2.0517793,0.9140625,-2.0517793
0.916015625,-0.005623928,0.916015625,0.2504359694891157,0.916015625,0.2510415,0.916015625,0.2510416,0.916015625,-1.5932006,0.916015625,-1.593201
0.91796875,0.10480973,0.91796875,0.2471937077489673,0.91796875,0.24779163,0.91796875,0.24779166,0.91796875,-1.1340705,0.91796875,-1.1340698
0.919921875,0.1909463,0.919921875,0.2439785301306736,0.919921875,0.24440427,0.919921875,0.24440432,0.919921875,-0.67409503,0.919921875,-0.67409474
0.921875,0.23549272,0.921875,0.2407904742722485,0.921875,0.24094667,0.921875,0.24094671,0.921875,-0.21317482,0.921875,-0.21317516
0.923828125,0.23010547,0.923828125,0.2376295723875081,0.923828125,0.2374379,0.923828125,0.23743789,0.923828125,0.24916616,0.923828125,0.24916655
0.92578125,0.1769884,0.92578125,0.2344958513291332,0.92578125,0.23394501,0.92578125,0.23394507,0.92578125,0.71279347,0.92578125,0.7127932
0.927734375,0.088266976,0.927734375,0.2313893326525329,0.927734375,0.23058018,0.927734375,0.23058023,0.927734375,1.1779674,0.927734375,1.1779671
0.9296875,-0.016708208,0.9296875,0.2283100326804726,0.9296875,0.22735934,0.9296875,0.22735922,0.9296875,1.6443514,0.9296875,1.6443506
0.931640625,-0.11554167,0.931640625,0.2252579625684344,0.931640625,0.22440368,0.931640625,0.22440377,0.931640625,2.1116679,0.931640625,2.1116672
0.93359375,-0.18756042,0.93359375,0.2222331283706763,0.93359375,0.22165328,0.93359375,0.2216535,0.93359375,2.5795877,0.93359375,2.5795877
0.935546875,-0.21815446,0.935546875,0.2192355311069559,0.935546875,0.21912566,0.935546875,0.21912573,0.935546875,3.0474043,0.935546875,3.0474043
0.9375,-0.20177384,0.9375,0.2162651668298873,0.9375,0.21671394,0.9375,0.21671402,0.9375,-2.7681057,0.9375,-2.7681055
0.939453125,-0.14295878,0.939453125,0.2133220266928954,0.939453125,0.21429013,0.939453125,0.21429016,0.939453125,-2.3011417,0.939453125,-2.301141
0.94140625,-0.055203665,0.94140625,0.2104060970187383,0.94140625,0.21177694,0.94140625,0.21177699,0.94140625,-1.8345107,0.94140625,-1.834511
0.943359375,0.042078573,0.943359375,0.2075173593685622,0.943359375,0.20898491,0.943359375,0.20898508,0.943359375,-1.3680631,0.943359375,-1.368063
0.9453125,0.12781982,0.9453125,0.2046557906114575,0.9453125,0.20593661,0.9453125,0.20593661,0.9453125,-0.9011922,0.9453125,-0.90119207
0.947265625,0.1838564,0.947265625,0.2018213629944849,0.947265625,0.20254235,0.947265625,0.20254238,0.947265625,-0.43292484,0.947265625,-0.4329246
0.94921875,0.19879715,0.94921875,0.1990140442131381,0.94921875,0.19893436,0.94921875,0.19893473,0.94921875,0.03716761,0.94921875,0.037167165
0.951171875,0.17037062,0.951171875,0.1962337974822123,0.951171875,0.1952411,0.951171875,0.195241,0.951171875,0.5102615,0.951171875,0.51026094
0.953125,0.10575845,0.953125,0.1934805816070467,0.953125,0.19163279,0.953125,0.19163282,0.953125,0.9861792,0.953125,0.98617834
0.955078125,0.019866202,0.955078125,0.1907543510551103,0.955078125,0.18840592,0.955078125,0.18840607,0.955078125,1.4651567,0.955078125,1.4651563
0.95703125,-0.06806681,0.95703125,0.1880550560279,0.95703125,0.18563733,0.95703125,0.1856372,0.95703125,1.9462187,0.95703125,1.9462187
0.958984375,-0.13875614,0.958984375,0.1853826425331201,0.958984375,0.18354703,0.958984375,0.183547,0.958984375,2.4279327,0.958984375,2.427932
0.9609375,-0.17710635,0.9609375,0.1827370524571139,0.9609375,0.18200433,0.9609375,0.18200439,0.9609375,2.90907,0.9609375,2.90907
0.962890625,-0.17545831,0.962890625,0.1801182236375162,0.962890625,0.18089624,0.962890625,0.18089633,0.962890625,-2.8957741,0.962890625,-2.895775
0.96484375,-0.13514432,0.96484375,0.1775260899360985,0.96484375,0.17992899,0.96484375,0.17992908,0.96484375,-2.4205194,0.96484375,-2.4205203
0.966796875,-0.06602746,0.966796875,0.1749605813117767,0.966796875,0.17865771,0.966796875,0.17865774,0.966796875,-1.9493488,0.966796875,-1.9493488
0.96875,0.01584709,0.96875,0.1724216238937528,0.96875,0.17684013,0.96875,0.17684022,0.96875,-1.4810632,0.96875,-1.481063
0.970703125,0.09194109,0.970703125,0.1699091400547622,0.970703125,0.17400624,0.970703125,0.1740062,0.970703125,-1.0141064,0.970703125,-1.0141072
0.97265625,0.1454108,0.97265625,0.1674230484843982,0.97265625,0.17018044,0.97265625,0.17018041,0.97265625,-0.54630387,0.97265625,-0.54630435
0.974609375,0.16484782,0.974609375,0.1649632642624859,0.974609375,0.16529535,0.974609375,0.16529521,0.974609375,-0.073594585,0.974609375,-0.0735941
0.9765625,0.14673804,0.9765625,0.1625296989324784,0.9765625,0.15974171,0.9765625,0.15974176,0.9765625,0.4062842,0.9765625,0.40628368
0.978515625,0.09610148,0.978515625,0.160122260574848,0.978515625,0.15417837,0.978515625,0.15417844,0.978515625,0.8978235,0.978515625,0.89782256
0.98046875,0.02519279,0.98046875,0.1577408538804463,0.98046875,0.14928934,0.98046875,0.14928931,0.98046875,1.4012338,0.98046875,1.4012341
0.982421875,-0.04941649,0.982421875,0.1553853802238056,0.982421875,0.14627399,0.982421875,0.146274,0.982421875,1.9154115,0.982421875,1.9154118
0.984375,-0.11068815,0.984375,0.1530557377363581,0.984375,0.14558287,0.984375,0.14558294,0.984375,2.434587,0.984375,2.4345877
0.986328125,-0.145009,0.986328125,0.1507518213795456,0.986328125,0.14777842,0.986328125,0.1477784,0.986328125,2.9476879,0.986328125,2.9476883
0.98828125,-0.14523356,0.98828125,0.148473523017795,0.98828125,0.15229486,0.98828125,0.1522948,0.98828125,-2.835886,0.98828125,-2.835886
0.990234375,-0.11219184,0.990234375,0.1462207314913367,0.990234375,0.15801026,0.990234375,0.15801021,0.990234375,-2.3603354,0.990234375,-2.3603349
0.9921875,-0.054337695,0.9921875,0.1439933326888392,0.9921875,0.16377993,0.9921875,0.16377999,0.9921875,-1.9089776,0.9921875,-1.9089776
0.994140625,0.014354486,0.994140625,0.1417912096198389,0.994140625,0.16715457,0.994140625,0.16715448,0.994140625,-1.484815,0.994140625,-1.4848148
0.99609375,0.07773238,0.99609375,0.1396142424869396,0.99609375,0.16745152,0.99609375,0.1674515,0.99609375,-1.0880557,0.99609375,-1.088056
0.998046875,0.12125422,0.998046875,0.1374623087577611,0.998046875,0.16100618,0.998046875,0.16100626,0.998046875,-0.7180317,0.998046875,-0.7180313
